status,site_name,street,zip_code,city,country,country_code,latitude,longitude,operator,verified_for_trucks,green_certified,lots_partner,restrooms,food,wifi,card_terminal,truck_parking,showers,truck_wash,google_maps_url,date_when_added_to_list,source,comments,accuracy_score,identification_document
200,SODIC SOCIEDADE REVENDEDORA DE COMBUSTIVEIS LTDA,"RODOVIA BR  324,  6656",41230200,SALVADOR,Brazil,BR,-12.900758,-38.451933,RAIZEN,false,,false,,,,,,,,https://www.google.com/maps?q=SODIC%20SOCIEDADE%20REVENDEDORA%20DE%20COMBUSTIVEIS%20LTDA%20RODOVIA%20BR%20%20324%2C%20%206656%20SALVADOR%20BA,2025-10-29,ANP API v1,,84.0,15847874000318
200,FIXXOIL COMERCIO DE COMBUSTIVEIS LTDA,"RODOVIA AFONSO CELSO,  40",28230000,SAO FRANCISCO DE ITABAPOANA,Brazil,BR,-21.474935,-41.114158,BANDEIRA BRANCA,false,,false,,,,,,,,https://www.google.com/maps?q=FIXXOIL%20COMERCIO%20DE%20COMBUSTIVEIS%20LTDA%20RODOVIA%20AFONSO%20CELSO%2C%20%2040%20SAO%20FRANCISCO%20DE%20ITABAPOANA%20RJ,2025-10-29,ANP API v1,,86.0,18097470000180
200,PLANALTO COMERCIO DE COMBUSTIVEIS E LUBRIFICANTES LTDA,"RODOVIA BR 230 KM 41,  S/N",58301645,SANTA RITA,Brazil,BR,-15.796119,-47.888252,BANDEIRA BRANCA,false,,false,,,,,,,,https://www.google.com/maps?q=PLANALTO%20COMERCIO%20DE%20COMBUSTIVEIS%20E%20LUBRIFICANTES%20LTDA%20RODOVIA%20BR%20230%20KM%2041%2C%20%20S%2FN%20SANTA%20RITA%20PB,2025-10-29,ANP API v1,,86.0,14547859000120
200,GALOP GASOLINA LUBRIFICANTES E PECAS LTDA,"RODOVIA PRESIDENTE DUTRA,  KM4",25586140,SAO JOAO DE MERITI,Brazil,BR,-14.857959,-40.849224,VIBRA,false,,false,,,,,,,,https://www.google.com/maps?q=GALOP%20GASOLINA%20LUBRIFICANTES%20E%20PECAS%20LTDA%20RODOVIA%20PRESIDENTE%20DUTRA%2C%20%20KM4%20SAO%20JOAO%20DE%20MERITI%20RJ,2025-10-29,ANP API v1,,87.0,31953466000135
200,POSTO EMBAIXADOR LTDA,"RODOVIA PRESIDENTE DUTRA,  SN",27534010,RESENDE,Brazil,BR,-22.779159,-45.14451,BANDEIRA BRANCA,true,,false,,,,,,,,https://www.google.com/maps?q=POSTO%20EMBAIXADOR%20LTDA%20RODOVIA%20PRESIDENTE%20DUTRA%2C%20%20SN%20RESENDE%20RJ,2025-10-29,ANP API v1,,100.0,31465255000153
200,MOTOGAS INDUSTRIA DE COMPRESSAO E COMERCIO DE GAS NATURAL LTDA," LOC  BR 230 KM 31,  S/N",58309602,BAYEUX,Brazil,BR,-15.796119,-47.888252,BANDEIRA BRANCA,false,,false,,,,,,,,https://www.google.com/maps?q=MOTOGAS%20INDUSTRIA%20DE%20COMPRESSAO%20E%20COMERCIO%20DE%20GAS%20NATURAL%20LTDA%20%20LOC%20%20BR%20230%20KM%2031%2C%20%20S%2FN%20BAYEUX%20PB,2025-10-29,ANP API v1,,86.0,01420327000185
200,IBN PINTO E SILVA & CIA LTDA,"RODOVIA AL-110,  678",57302802,ARAPIRACA,Brazil,BR,-9.751756,-36.636632,BANDEIRA BRANCA,false,,false,,,,,,,,https://www.google.com/maps?q=IBN%20PINTO%20E%20SILVA%20%26%20CIA%20LTDA%20RODOVIA%20AL-110%2C%20%20678%20ARAPIRACA%20AL,2025-10-29,ANP API v1,,87.0,01242690000158
200,POSTO RIO ESTORIL LTDA,"RODOVIA BR 101,  S/N",28800000,RIO BONITO,Brazil,BR,-22.56636,-55.68964,IPIRANGA,false,,false,,,,,,,,https://www.google.com/maps?q=POSTO%20RIO%20ESTORIL%20LTDA%20RODOVIA%20BR%20101%2C%20%20S%2FN%20RIO%20BONITO%20RJ,2025-10-29,ANP API v1,,86.0,27188960000183
200,POSTO DE COMBUSTIVEIS ROUTE 206 LTDA ME,"RODOVIA BR 101,  S/N°",28860000,CASIMIRO DE ABREU,Brazil,BR,-8.22748,-36.361136,VIBRA,false,,false,,,,,,,,https://www.google.com/maps?q=POSTO%20DE%20COMBUSTIVEIS%20ROUTE%20206%20LTDA%20ME%20RODOVIA%20BR%20101%2C%20%20S%2FN%C2%B0%20CASIMIRO%20DE%20ABREU%20RJ,2025-10-29,ANP API v1,,85.0,10172504000142
200,BOQUEIRAO COMERCIO DE DERIVADOS DE PETROLEO LTDA,"RODOVIA BR 222 KM 21,  S/N",61616000,CAUCAIA,Brazil,BR,-3.736921,-39.433032,RAIZEN,false,,false,,,,,,,,https://www.google.com/maps?q=BOQUEIRAO%20COMERCIO%20DE%20DERIVADOS%20DE%20PETROLEO%20LTDA%20RODOVIA%20BR%20222%20KM%2021%2C%20%20S%2FN%20CAUCAIA%20CE,2025-10-29,ANP API v1,,86.0,07130954000168
200,PETROLEO SUAPE LTDA,"RODOVIA PE 60,  6927",54521010,CABO DE SANTO AGOSTINHO,Brazil,BR,-8.304352,-35.021321,VIBRA,false,,false,,,,,,,,https://www.google.com/maps?q=PETROLEO%20SUAPE%20LTDA%20RODOVIA%20PE%2060%2C%20%206927%20CABO%20DE%20SANTO%20AGOSTINHO%20PE,2025-10-29,ANP API v1,,86.0,03129077000154
200,POSTO RIO SAO PAULO LTDA,"RODOVIA PRESIDENTE DUTRA,  5130",25565350,SAO JOAO DE MERITI,Brazil,BR,-22.779089,-43.394638,RAIZEN,false,,false,,,,,,,,https://www.google.com/maps?q=POSTO%20RIO%20SAO%20PAULO%20LTDA%20RODOVIA%20PRESIDENTE%20DUTRA%2C%20%205130%20SAO%20JOAO%20DE%20MERITI%20RJ,2025-10-29,ANP API v1,,86.0,31918576000166
200,POSTO KM 13 DA DUTRA LTDA,"RODOVIA PRESIDENTE DUTRA,  13006",26010003,NOVA IGUACU,Brazil,BR,-22.752405,-43.437386,IPIRANGA,false,,false,,,,,,,,https://www.google.com/maps?q=POSTO%20KM%2013%20DA%20DUTRA%20LTDA%20RODOVIA%20PRESIDENTE%20DUTRA%2C%20%2013006%20NOVA%20IGUACU%20RJ,2025-10-29,ANP API v1,,82.0,00118442000137
200,POSTO DE GASOLINA CIDADE DO PORTO LTDA,"RODOVIA RIO SANTOS,  S/N",23815550,ITAGUAI,Brazil,BR,-22.877419,-43.73559,RAIZEN,false,,false,,,,,,,,https://www.google.com/maps?q=POSTO%20DE%20GASOLINA%20CIDADE%20DO%20PORTO%20LTDA%20RODOVIA%20RIO%20SANTOS%2C%20%20S%2FN%20ITAGUAI%20RJ,2025-10-29,ANP API v1,,86.0,10317382000135
200,AUTO POSTO LUAR DA RIO SAO PAULO LTDA,"ESTRADA RIO SAO PAULO KM 31,  5996",23075246,RIO DE JANEIRO,Brazil,BR,-23.55214,-46.647198,RAIZEN,false,,false,,,,,,,,https://www.google.com/maps?q=AUTO%20POSTO%20LUAR%20DA%20RIO%20SAO%20PAULO%20LTDA%20ESTRADA%20RIO%20SAO%20PAULO%20KM%2031%2C%20%205996%20RIO%20DE%20JANEIRO%20RJ,2025-10-29,ANP API v1,,87.0,05616264000198
200,POSTO DE GASOLINA IMPERATRIZ LTDA,"RODOVIA PRESIDENTE DUTRA,  17.869",26030003,NOVA IGUACU,Brazil,BR,-22.737827,-43.486997,RAIZEN,false,,false,,,,,,,,https://www.google.com/maps?q=POSTO%20DE%20GASOLINA%20IMPERATRIZ%20LTDA%20RODOVIA%20PRESIDENTE%20DUTRA%2C%20%2017.869%20NOVA%20IGUACU%20RJ,2025-10-29,ANP API v1,,81.0,30815666000169
200,POSTO CAMPEAO NACIONAL LTDA,"RODOVIA BR 408,  SN",55825000,PAUDALHO,Brazil,BR,-8.078006,-34.992179,VIBRA,false,,false,,,,,,,,https://www.google.com/maps?q=POSTO%20CAMPEAO%20NACIONAL%20LTDA%20RODOVIA%20BR%20408%2C%20%20SN%20PAUDALHO%20PE,2025-10-29,ANP API v1,,86.0,19213585000156
200,AUTO POSTO LUAR DA RIO SANTOS I LTDA,"ESTRADA DO GANDU ESQ C/BR101,  SN",23560150,RIO DE JANEIRO,Brazil,BR,-13.74509,-39.486877,RAIZEN,false,,false,,,,,,,,https://www.google.com/maps?q=AUTO%20POSTO%20LUAR%20DA%20RIO%20SANTOS%20I%20LTDA%20ESTRADA%20DO%20GANDU%20ESQ%20C%2FBR101%2C%20%20SN%20RIO%20DE%20JANEIRO%20RJ,2025-10-29,ANP API v1,,86.0,11103499000189
200,M. LUZ COMERCIO DE COMBUSTIVEIS LTDA,"RODOVIA BR 116,  9310",60850015,FORTALEZA,Brazil,BR,-4.126878,-38.484455,RAIZEN,false,,false,,,,,,,,https://www.google.com/maps?q=M.%20LUZ%20COMERCIO%20DE%20COMBUSTIVEIS%20LTDA%20RODOVIA%20BR%20116%2C%20%209310%20FORTALEZA%20CE,2025-10-29,ANP API v1,,88.0,08912686000107
200,PETROCAL PETROLEO CAVALCANTI LIMITADA,"RODOVIA BR 101 SUL,  S/N",50790900,RECIFE,Brazil,BR,-22.487692,-55.721615,VIBRA,false,,false,,,,,,,,https://www.google.com/maps?q=PETROCAL%20PETROLEO%20CAVALCANTI%20LIMITADA%20RODOVIA%20BR%20101%20SUL%2C%20%20S%2FN%20RECIFE%20PE,2025-10-29,ANP API v1,,86.0,12781233000310
200,POSTO IMBOASSICA COMERCIO E SERVICOS LTDA,"RODOVIA AMARAL PEIXOTO,  S/N",27932050,MACAE,Brazil,BR,-21.768497,-41.363128,RAIZEN,false,,false,,,,,,,,https://www.google.com/maps?q=POSTO%20IMBOASSICA%20COMERCIO%20E%20SERVICOS%20LTDA%20RODOVIA%20AMARAL%20PEIXOTO%2C%20%20S%2FN%20MACAE%20RJ,2025-10-29,ANP API v1,,87.0,31341944000156
200,AUTO POSTO DE SERVICOS VIA DUTRA 1 LTDA,"RODOVIA PRESIDENTE DUTRA,  17500",26020005,NOVA IGUACU,Brazil,BR,-22.739848,-43.461476,IPIRANGA,false,,false,,,,,,,,https://www.google.com/maps?q=AUTO%20POSTO%20DE%20SERVICOS%20VIA%20DUTRA%201%20LTDA%20RODOVIA%20PRESIDENTE%20DUTRA%2C%20%2017500%20NOVA%20IGUACU%20RJ,2025-10-29,ANP API v1,,86.0,04010834000139
200,POSTO DE GASOLINA RENAZA DE MAGE LTDA,"RODOVIA RIO-TERESOPOLIS,  16.886",25900001,MAGE,Brazil,BR,-22.650701,-43.168624,BANDEIRA BRANCA,false,,false,,,,,,,,https://www.google.com/maps?q=POSTO%20DE%20GASOLINA%20RENAZA%20DE%20MAGE%20LTDA%20RODOVIA%20RIO-TERESOPOLIS%2C%20%2016.886%20MAGE%20RJ,2025-10-29,ANP API v1,,86.0,03381699000175
200,AUTO POSTO PACHECO LTDA,"RODOVIA BR-116,  22730",81690500,CURITIBA,Brazil,BR,-29.503177,-51.107314,VIBRA,false,,false,,,,,,,,https://www.google.com/maps?q=AUTO%20POSTO%20PACHECO%20LTDA%20RODOVIA%20BR-116%2C%20%2022730%20CURITIBA%20PR,2025-10-29,ANP API v1,,86.0,22310597000103
200,POSTO DE GASOLINA MAC STOP LTDA,"RODOVIA GOVERNADOR MARIO COVAS  BR 101,  0",24855140,ITABORAI,Brazil,BR,-11.28627,-37.461197,IPIRANGA,false,,false,,,,,,,,https://www.google.com/maps?q=POSTO%20DE%20GASOLINA%20MAC%20STOP%20LTDA%20RODOVIA%20GOVERNADOR%20MARIO%20COVAS%20%20BR%20101%2C%20%200%20ITABORAI%20RJ,2025-10-29,ANP API v1,,86.0,36381578000182
200,POSTO GRANDE PARADA LTDA,"RODOVIA DOS METALURGICOS,  8300",27258000,VOLTA REDONDA,Brazil,BR,-22.575871,-44.075716,RAIZEN,false,,false,,,,,,,,https://www.google.com/maps?q=POSTO%20GRANDE%20PARADA%20LTDA%20RODOVIA%20DOS%20METALURGICOS%2C%20%208300%20VOLTA%20REDONDA%20RJ,2025-10-29,ANP API v1,,84.0,00071508000180
200,REDE 1000 LTDA,"RODOVIA MG 424,  S/N",33600000,PEDRO LEOPOLDO,Brazil,BR,-20.91575,-46.140136,ALE,false,,false,,,,,,,,https://www.google.com/maps?q=REDE%201000%20LTDA%20RODOVIA%20MG%20424%2C%20%20S%2FN%20PEDRO%20LEOPOLDO%20MG,2025-10-29,ANP API v1,,85.0,17610403000155
200,POSTO ABREU DOIS LTDA,"RODOVIA BR 101 KM 303,  S/N",24461000,SAO GONCALO,Brazil,BR,-15.796119,-47.888252,RAIZEN,false,,false,,,,,,,,https://www.google.com/maps?q=POSTO%20ABREU%20DOIS%20LTDA%20RODOVIA%20BR%20101%20KM%20303%2C%20%20S%2FN%20SAO%20GONCALO%20RJ,2025-10-29,ANP API v1,,86.0,04991379000108
200,AUTO POSTO TREVO DE PRAIA SECA LTDA,"RODOVIA AMARAL PEIXOTO,  76.600",28993975,SAQUAREMA,Brazil,BR,-22.83498,-42.134545,VIBRA,false,,false,,,,,,,,https://www.google.com/maps?q=AUTO%20POSTO%20TREVO%20DE%20PRAIA%20SECA%20LTDA%20RODOVIA%20AMARAL%20PEIXOTO%2C%20%2076.600%20SAQUAREMA%20RJ,2025-10-29,ANP API v1,,87.0,04701270000180
200,POSTO SAPATAO COMERCIO DE COMBUSTIVEIS LTDA,"RODOVIA BR-116,  7455",93351155,NOVO HAMBURGO,Brazil,BR,-29.650808,-51.143737,RAIZEN,false,,false,,,,,,,,https://www.google.com/maps?q=POSTO%20SAPATAO%20COMERCIO%20DE%20COMBUSTIVEIS%20LTDA%20RODOVIA%20BR-116%2C%20%207455%20NOVO%20HAMBURGO%20RS,2025-10-29,ANP API v1,,86.0,43510250000184
200,POSTO PONTE ACU LTDA,"RODOVIA BR 101 KM 112,  SN",88375000,NAVEGANTES,Brazil,BR,-8.22748,-36.361136,BANDEIRA BRANCA,false,,false,,,,,,,,https://www.google.com/maps?q=POSTO%20PONTE%20ACU%20LTDA%20RODOVIA%20BR%20101%20KM%20112%2C%20%20SN%20NAVEGANTES%20SC,2025-10-29,ANP API v1,,87.0,84311190000158
200,POSTO SPINASSE LTDA,"RODOVIA ES-10,  S/N",29190010,ARACRUZ,Brazil,BR,-19.202429,-40.326824,VIBRA,false,,false,,,,,,,,https://www.google.com/maps?q=POSTO%20SPINASSE%20LTDA%20RODOVIA%20ES-10%2C%20%20S%2FN%20ARACRUZ%20ES,2025-10-29,ANP API v1,,86.0,01291148000195
200,POSTO DE COMBUSTIVEIS TREVO DE MANILHA LTDA,"RODOVIA GOVERNADOR MARIO COVAS - BR 101,  S/N",24855148,ITABORAI,Brazil,BR,-11.286267,-37.461168,RAIZEN,false,,false,,,,,,,,https://www.google.com/maps?q=POSTO%20DE%20COMBUSTIVEIS%20TREVO%20DE%20MANILHA%20LTDA%20RODOVIA%20GOVERNADOR%20MARIO%20COVAS%20-%20BR%20101%2C%20%20S%2FN%20ITABORAI%20RJ,2025-10-29,ANP API v1,,87.0,18936123000102
200,POSTO OLIVEIRA LTDA,"ESTRADA BR 101,  49 50",28800000,RIO BONITO,Brazil,BR,-15.796119,-47.888252,RAIZEN,false,,false,,,,,,,,https://www.google.com/maps?q=POSTO%20OLIVEIRA%20LTDA%20ESTRADA%20BR%20101%2C%20%2049%2050%20RIO%20BONITO%20RJ,2025-10-29,ANP API v1,,86.0,28621019000174
200,POSTO PARADA ANGELICA LTDA,"AVENIDA AUTOMOVEL CLUB,  SN",25272405,DUQUE DE CAXIAS,Brazil,BR,-22.613744,-43.197748,RAIZEN,false,,false,,,,,,,,https://www.google.com/maps?q=POSTO%20PARADA%20ANGELICA%20LTDA%20AVENIDA%20AUTOMOVEL%20CLUB%2C%20%20SN%20DUQUE%20DE%20CAXIAS%20RJ,2025-10-29,ANP API v1,,86.0,30545109000175
200,POSTO ESTRELA DO MAR LTDA," PR DA ALDEIA,  SN",28940090,SAO PEDRO DA ALDEIA,Brazil,BR,-22.83817,-42.102818,RAIZEN,false,,false,,,,,,,,https://www.google.com/maps?q=POSTO%20ESTRELA%20DO%20MAR%20LTDA%20%20PR%20DA%20ALDEIA%2C%20%20SN%20SAO%20PEDRO%20DA%20ALDEIA%20RJ,2025-10-29,ANP API v1,,87.0,31192719000103
200,AUTO POSTO ARACAS LTDA,"RODOVIA DARLY SANTOS,  S/N",29104360,VILA VELHA,Brazil,BR,-20.388512,-40.335663,BANDEIRA BRANCA,false,,false,,,,,,,,https://www.google.com/maps?q=AUTO%20POSTO%20ARACAS%20LTDA%20RODOVIA%20DARLY%20SANTOS%2C%20%20S%2FN%20VILA%20VELHA%20ES,2025-10-29,ANP API v1,,86.0,30564108000178
200,AUTO POSTO CONTORNO LTDA,"RODOVIA BR 101,  S/N",29140970,CARIACICA,Brazil,BR,-22.56636,-55.68964,ALE,false,,false,,,,,,,,https://www.google.com/maps?q=AUTO%20POSTO%20CONTORNO%20LTDA%20RODOVIA%20BR%20101%2C%20%20S%2FN%20CARIACICA%20ES,2025-10-29,ANP API v1,,86.0,27016518000170
200,J MENDES REVENDEDORA DE COMBUSTIVEIS E DERIVADOS LTDA,"AVENIDA FRANCISCO MOTA,  1778",59625526,MOSSORO,Brazil,BR,-5.190045,-37.307813,BANDEIRA BRANCA,false,,false,,,,,,,,https://www.google.com/maps?q=J%20MENDES%20REVENDEDORA%20DE%20COMBUSTIVEIS%20E%20DERIVADOS%20LTDA%20AVENIDA%20FRANCISCO%20MOTA%2C%20%201778%20MOSSORO%20RN,2025-10-29,ANP API v1,,86.0,03315118000105
200,POSTO BJ COMERCIO DE COMBUSTIVEIS LTDA,"RODOVIA RJ 116,  SN",28660000,BOM JARDIM,Brazil,BR,-21.824242,-42.084671,BANDEIRA BRANCA,false,,false,,,,,,,,https://www.google.com/maps?q=POSTO%20BJ%20COMERCIO%20DE%20COMBUSTIVEIS%20LTDA%20RODOVIA%20RJ%20116%2C%20%20SN%20BOM%20JARDIM%20RJ,2025-10-29,ANP API v1,,83.0,10862817000122
200,POSTO DE GASOLINA NUNES & COSTA LIMITADA,"RODOVIA AMARAL PEIXOTO,  273",28993000,SAQUAREMA,Brazil,BR,-21.761728,-41.353262,IPIRANGA,false,,false,,,,,,,,https://www.google.com/maps?q=POSTO%20DE%20GASOLINA%20NUNES%20%26%20COSTA%20LIMITADA%20RODOVIA%20AMARAL%20PEIXOTO%2C%20%20273%20SAQUAREMA%20RJ,2025-10-29,ANP API v1,,86.0,32144917000156
200,AUTO POSTO CAMPOMAR LTDA,"RODOVIA AMARAL PEIXOTO,  SN",28890001,RIO DAS OSTRAS,Brazil,BR,-21.768497,-41.363128,BANDEIRA BRANCA,false,,false,,,,,,,,https://www.google.com/maps?q=AUTO%20POSTO%20CAMPOMAR%20LTDA%20RODOVIA%20AMARAL%20PEIXOTO%2C%20%20SN%20RIO%20DAS%20OSTRAS%20RJ,2025-10-29,ANP API v1,,89.0,02968516000150
200,COMERCIAL H KARL ALLERS LTDA,"RODOVIA PRESIDENTE DUTRA,  S/N",27175000,PIRAI,Brazil,BR,-14.857959,-40.849224,IPIRANGA,false,,false,,,,,,,,https://www.google.com/maps?q=COMERCIAL%20H%20KARL%20ALLERS%20LTDA%20RODOVIA%20PRESIDENTE%20DUTRA%2C%20%20S%2FN%20PIRAI%20RJ,2025-10-29,ANP API v1,,88.0,31423015000196
200,AUTO SERVICO SAO CRISTOVAO LTDA,"AVENIDA MARIO GURGEL,  3.940",29147345,CARIACICA,Brazil,BR,-20.337303,-40.391162,VIBRA,false,,false,,,,,,,,https://www.google.com/maps?q=AUTO%20SERVICO%20SAO%20CRISTOVAO%20LTDA%20AVENIDA%20MARIO%20GURGEL%2C%20%203.940%20CARIACICA%20ES,2025-10-29,ANP API v1,,86.0,27396415000182
200,POSTO LAGOMAR DE MACAE LTDA,"RODOVIA RJ-106 KM 184 ROD.AMARAL PEIXOTO,  S/N",27970020,MACAE,Brazil,BR,-22.036966,-42.166167,VIBRA,false,,false,,,,,,,,https://www.google.com/maps?q=POSTO%20LAGOMAR%20DE%20MACAE%20LTDA%20RODOVIA%20RJ-106%20KM%20184%20ROD.AMARAL%20PEIXOTO%2C%20%20S%2FN%20MACAE%20RJ,2025-10-29,ANP API v1,,85.0,02453614000154
200,POSTO CARRETEIRO LTDA,"RODOVIA WASHINGTON LUIZ,  21562",25251745,DUQUE DE CAXIAS,Brazil,BR,-22.393496,-43.133712,RAIZEN,false,,false,,,,,,,,https://www.google.com/maps?q=POSTO%20CARRETEIRO%20LTDA%20RODOVIA%20WASHINGTON%20LUIZ%2C%20%2021562%20DUQUE%20DE%20CAXIAS%20RJ,2025-10-29,ANP API v1,,86.0,28752913000183
200,AUTO POSTO NOVO PEDAGIO LTDA,"RODOVIA PRESIDENTE DUTRA,  S/N",23890001,SEROPEDICA,Brazil,BR,-14.857959,-40.849224,VIBRA,true,,false,,,,,,,,https://www.google.com/maps?q=AUTO%20POSTO%20NOVO%20PEDAGIO%20LTDA%20RODOVIA%20PRESIDENTE%20DUTRA%2C%20%20S%2FN%20SEROPEDICA%20RJ,2025-10-29,ANP API v1,,100.0,01797812000172
200,PETROCAL PETROLEO CAVALCANTI LIMITADA,"RODOVIA BR 232 KM 37/38,  S/N",55602000,VITORIA DE SANTO ANTAO,Brazil,BR,-22.487692,-55.721615,VIBRA,false,,false,,,,,,,,https://www.google.com/maps?q=PETROCAL%20PETROLEO%20CAVALCANTI%20LIMITADA%20RODOVIA%20BR%20232%20KM%2037%2F38%2C%20%20S%2FN%20VITORIA%20DE%20SANTO%20ANTAO%20PE,2025-10-29,ANP API v1,,86.0,12781233000824
200,PALLADIUM COMERCIO VAREJISTA DE COMBUSTIVEL LTDA,"RODOVIA BR - 356,  S/N",28200000,SAO JOAO DA BARRA,Brazil,BR,-22.56636,-55.68964,BANDEIRA BRANCA,false,,false,,,,,,,,https://www.google.com/maps?q=PALLADIUM%20COMERCIO%20VAREJISTA%20DE%20COMBUSTIVEL%20LTDA%20RODOVIA%20BR%20-%20356%2C%20%20S%2FN%20SAO%20JOAO%20DA%20BARRA%20RJ,2025-10-29,ANP API v1,,86.0,13412918000270
200,POSTO SOL DA DUTRA LTDA.,"RODOVIA PRESIDENTE DUTRA,  S/N",27536000,RESENDE,Brazil,BR,-14.857959,-40.849224,IPIRANGA,false,,false,,,,,,,,https://www.google.com/maps?q=POSTO%20SOL%20DA%20DUTRA%20LTDA.%20RODOVIA%20PRESIDENTE%20DUTRA%2C%20%20S%2FN%20RESENDE%20RJ,2025-10-29,ANP API v1,,86.0,06012414000460
200,BARRIGAO COMERCIAL LTDA,"RODOVIA BR-116, KM 594, LADO ESQUERDO,  01",36905000,MANHUACU,Brazil,BR,-22.362914,-42.942167,BANDEIRA BRANCA,false,,false,,,,,,,,https://www.google.com/maps?q=BARRIGAO%20COMERCIAL%20LTDA%20RODOVIA%20BR-116%2C%20KM%20594%2C%20LADO%20ESQUERDO%2C%20%2001%20MANHUACU%20MG,2025-10-29,ANP API v1,,86.0,22265797000191
200,MELLO BEZERRA COMERCIAL DE COMBUSTIVEL LTDA.,"RODOVIA ESTRADA DO COCO, KM 22,  S/N",42829710,CAMACARI,Brazil,BR,-20.305832,-44.01751,VIBRA,false,,false,,,,,,,,https://www.google.com/maps?q=MELLO%20BEZERRA%20COMERCIAL%20DE%20COMBUSTIVEL%20LTDA.%20RODOVIA%20ESTRADA%20DO%20COCO%2C%20KM%2022%2C%20%20S%2FN%20CAMACARI%20BA,2025-10-29,ANP API v1,,85.0,04718804000181
200,COMERCIAL PARAKY DE COMBUSTIVEIS LTDA.,"RODOVIA BA. 093, KM 01,  S/N",43700000,SIMOES FILHO,Brazil,BR,-11.746189,-42.089382,VIBRA,false,,false,,,,,,,,https://www.google.com/maps?q=COMERCIAL%20PARAKY%20DE%20COMBUSTIVEIS%20LTDA.%20RODOVIA%20BA.%20093%2C%20KM%2001%2C%20%20S%2FN%20SIMOES%20FILHO%20BA,2025-10-29,ANP API v1,,83.0,02988538000181
200,AUTO POSTO ESPACIAL LTDA,"RODOVIA ROD BR 304, KM 295, DIST. IND. IV - DIM IV,  S/N",59286400,MACAIBA,Brazil,BR,25.776646,86.188979,ALE,false,,false,,,,,,,,https://www.google.com/maps?q=AUTO%20POSTO%20ESPACIAL%20LTDA%20RODOVIA%20ROD%20BR%20304%2C%20KM%20295%2C%20DIST.%20IND.%20IV%20-%20DIM%20IV%2C%20%20S%2FN%20MACAIBA%20RN,2025-10-29,ANP API v1,,87.0,24187833000171
200,POSTO MARACAJA LTDA,"RODOVIA PE 90,  S/N",55750000,SURUBIM,Brazil,BR,-8.426177,-38.160166,BANDEIRA BRANCA,false,,false,,,,,,,,https://www.google.com/maps?q=POSTO%20MARACAJA%20LTDA%20RODOVIA%20PE%2090%2C%20%20S%2FN%20SURUBIM%20PE,2025-10-29,ANP API v1,,86.0,24336166000141
200,POSTO PINHEIRO LTDA,"RODOVIA BR-116,  15800",95059520,CAXIAS DO SUL,Brazil,BR,-29.147535,-51.140899,BANDEIRA BRANCA,false,,false,,,,,,,,https://www.google.com/maps?q=POSTO%20PINHEIRO%20LTDA%20RODOVIA%20BR-116%2C%20%2015800%20CAXIAS%20DO%20SUL%20RS,2025-10-29,ANP API v1,,86.0,88621073000141
200,ECORODO BR 040 COMBUSTIVEIS LTDA,"RODOVIA BR 040,  SN",25725650,PETROPOLIS,Brazil,BR,-8.227306,-36.360639,VIBRA,false,,false,,,,,,,,https://www.google.com/maps?q=ECORODO%20BR%20040%20COMBUSTIVEIS%20LTDA%20RODOVIA%20BR%20040%2C%20%20SN%20PETROPOLIS%20RJ,2025-10-29,ANP API v1,,86.0,13672382000141
200,POSTO BELLAS SAO PEDRO DA ALDEIA LTDA,"RODOVIA RJ 140,  S/N",28943042,SAO PEDRO DA ALDEIA,Brazil,BR,-22.862001,-42.050146,BANDEIRA BRANCA,false,,false,,,,,,,,https://www.google.com/maps?q=POSTO%20BELLAS%20SAO%20PEDRO%20DA%20ALDEIA%20LTDA%20RODOVIA%20RJ%20140%2C%20%20S%2FN%20SAO%20PEDRO%20DA%20ALDEIA%20RJ,2025-10-29,ANP API v1,,86.0,28683355000141
200,UNIPOSTO DERIVADOS DE PETROLEO LTDA,"RODOVIA ENGENHEIRO FABIANO VIVACQUA,  2114",29316258,CACHOEIRO DE ITAPEMIRIM,Brazil,BR,-20.880382,-41.097643,VIBRA,false,,false,,,,,,,,https://www.google.com/maps?q=UNIPOSTO%20DERIVADOS%20DE%20PETROLEO%20LTDA%20RODOVIA%20ENGENHEIRO%20FABIANO%20VIVACQUA%2C%20%202114%20CACHOEIRO%20DE%20ITAPEMIRIM%20ES,2025-10-29,ANP API v1,,85.0,39281274000131
200,AUTO POSTO MATE AMARGO LTDA,"RODOVIA PRESIDENTE DUTRA,  SN",27534010,RESENDE,Brazil,BR,-22.779159,-45.14451,RAIZEN,true,,false,,,,,,,,https://www.google.com/maps?q=AUTO%20POSTO%20MATE%20AMARGO%20LTDA%20RODOVIA%20PRESIDENTE%20DUTRA%2C%20%20SN%20RESENDE%20RJ,2025-10-29,ANP API v1,,100.0,29178001000102
200,POSTO MONTE BELO II - COMERCIO DE COMBUSTIVEIS LTDA," BR 304, KM 05  - QUADRA  - R,  S/N",59280000,MACAIBA,Brazil,BR,-23.29888,-48.055283,VIBRA,false,,false,,,,,,,,https://www.google.com/maps?q=POSTO%20MONTE%20BELO%20II%20-%20COMERCIO%20DE%20COMBUSTIVEIS%20LTDA%20%20BR%20304%2C%20KM%2005%20%20-%20QUADRA%20%20-%20R%2C%20%20S%2FN%20MACAIBA%20RN,2025-10-29,ANP API v1,,86.0,04069473000104
200,POSTOS EMAUS COMERCIO E SERVICOS LTDA,"RODOVIA BR 101,  1999",59150000,PARNAMIRIM,Brazil,BR,-6.689756,-35.115124,ALE,false,,false,,,,,,,,https://www.google.com/maps?q=POSTOS%20EMAUS%20COMERCIO%20E%20SERVICOS%20LTDA%20RODOVIA%20BR%20101%2C%20%201999%20PARNAMIRIM%20RN,2025-10-29,ANP API v1,,86.0,03979385000179
200,COMERCIAL MINAS GRILL LTDA.,"RODOVIA BR 381,  S/N",37264000,RIBEIRAO VERMELHO,Brazil,BR,-22.56636,-55.68964,BANDEIRA BRANCA,false,,false,,,,,,,,https://www.google.com/maps?q=COMERCIAL%20MINAS%20GRILL%20LTDA.%20RODOVIA%20BR%20381%2C%20%20S%2FN%20RIBEIRAO%20VERMELHO%20MG,2025-10-29,ANP API v1,,86.0,02553038000117
200,"POSTO, RESTAURANTE E LANCHONETE FR BRANCO LTDA","RODOVIA BR 101,  S/N",24800000,ITABORAI,Brazil,BR,-22.56636,-55.68964,VIBRA,false,,false,,,,,,,,https://www.google.com/maps?q=POSTO%2C%20RESTAURANTE%20E%20LANCHONETE%20FR%20BRANCO%20LTDA%20RODOVIA%20BR%20101%2C%20%20S%2FN%20ITABORAI%20RJ,2025-10-29,ANP API v1,,86.0,04587577000100
200,POSTO PONTA D AGUA LTDA,"ESTRADA AMARAL PEIXOTO,  S/N",28940090,SAO PEDRO DA ALDEIA,Brazil,BR,-20.858133,-41.108677,IPIRANGA,false,,false,,,,,,,,https://www.google.com/maps?q=POSTO%20PONTA%20D%20AGUA%20LTDA%20ESTRADA%20AMARAL%20PEIXOTO%2C%20%20S%2FN%20SAO%20PEDRO%20DA%20ALDEIA%20RJ,2025-10-29,ANP API v1,,86.0,03242460000114
200,POSTO UIRAPURU LTDA,"RODOVIA RODOVIA JUIZ DE FORA/UBA, S/N, KM 103,  S/N",36500000,UBA,Brazil,BR,-21.761368,-43.34954,BANDEIRA BRANCA,false,,false,,,,,,,,https://www.google.com/maps?q=POSTO%20UIRAPURU%20LTDA%20RODOVIA%20RODOVIA%20JUIZ%20DE%20FORA%2FUBA%2C%20S%2FN%2C%20KM%20103%2C%20%20S%2FN%20UBA%20MG,2025-10-29,ANP API v1,,86.0,17759721000182
200,POSTO PARQUE DO BOSQUE LTDA.,"RODOVIA BR-376,  24123",83090650,SAO JOSE DOS PINHAIS,Brazil,BR,-25.714318,-49.13903,POTENCIAL,false,,false,,,,,,,,https://www.google.com/maps?q=POSTO%20PARQUE%20DO%20BOSQUE%20LTDA.%20RODOVIA%20BR-376%2C%20%2024123%20SAO%20JOSE%20DOS%20PINHAIS%20PR,2025-10-29,ANP API v1,,86.0,02505963000172
200,POSTO FAZENDA BOSQUE ENCANTADO LTDA,"ESTRADA SERRA MAR,  S/N",28890001,RIO DAS OSTRAS,Brazil,BR,-20.124681,-40.306965,RAIZEN,false,,false,,,,,,,,https://www.google.com/maps?q=POSTO%20FAZENDA%20BOSQUE%20ENCANTADO%20LTDA%20ESTRADA%20SERRA%20MAR%2C%20%20S%2FN%20RIO%20DAS%20OSTRAS%20RJ,2025-10-29,ANP API v1,,86.0,02836446000186
200,AUTO POSTO REPUBLICA JULIANA LTDA,"RODOVIA SC 436,  SN",88790000,LAGUNA,Brazil,BR,-28.458053,-48.792712,BANDEIRA BRANCA,false,,false,,,,,,,,https://www.google.com/maps?q=AUTO%20POSTO%20REPUBLICA%20JULIANA%20LTDA%20RODOVIA%20SC%20436%2C%20%20SN%20LAGUNA%20SC,2025-10-29,ANP API v1,,81.0,95788949000104
200,AUTO POSTO AMIZADE LTDA,"RODOVIA BR 232,  S/N",55150000,BELO JARDIM,Brazil,BR,-22.56636,-55.68964,BANDEIRA BRANCA,false,,false,,,,,,,,https://www.google.com/maps?q=AUTO%20POSTO%20AMIZADE%20LTDA%20RODOVIA%20BR%20232%2C%20%20S%2FN%20BELO%20JARDIM%20PE,2025-10-29,ANP API v1,,87.0,24092009000138
200,GERANIUS POSTO DE SERVICOS E ARTEZANATOS LTDA,"RODOVIA GOVERNADOR MARIO COVAS,  S/N",24809234,ITABORAI,Brazil,BR,-22.487692,-55.721615,IPIRANGA,false,,false,,,,,,,,https://www.google.com/maps?q=GERANIUS%20POSTO%20DE%20SERVICOS%20E%20ARTEZANATOS%20LTDA%20RODOVIA%20GOVERNADOR%20MARIO%20COVAS%2C%20%20S%2FN%20ITABORAI%20RJ,2025-10-29,ANP API v1,,86.0,28218741000162
200,COMERCIO DE COMBUSTIVEIS NEVOEIRO LTDA,"RODOVIA RST 287 KM 100,  S/N",96815790,SANTA CRUZ DO SUL,Brazil,BR,-29.707625,-53.772706,VIBRA,false,,false,,,,,,,,https://www.google.com/maps?q=COMERCIO%20DE%20COMBUSTIVEIS%20NEVOEIRO%20LTDA%20RODOVIA%20RST%20287%20KM%20100%2C%20%20S%2FN%20SANTA%20CRUZ%20DO%20SUL%20RS,2025-10-29,ANP API v1,,86.0,95425369000314
200,TAPAJOS PRODUTOS DE PETROLEO LTDA,"RODOVIA BR 408,  S/N",55800000,NAZARE DA MATA,Brazil,BR,-8.078006,-34.992179,RAIZEN,false,,false,,,,,,,,https://www.google.com/maps?q=TAPAJOS%20PRODUTOS%20DE%20PETROLEO%20LTDA%20RODOVIA%20BR%20408%2C%20%20S%2FN%20NAZARE%20DA%20MATA%20PE,2025-10-29,ANP API v1,,86.0,08035784000103
200,AUTO POSTO CARRETEIRO LTDA,"RODOVIA BR 232,  S/N",55630000,POMBOS,Brazil,BR,-22.56636,-55.68964,VIBRA,false,,false,,,,,,,,https://www.google.com/maps?q=AUTO%20POSTO%20CARRETEIRO%20LTDA%20RODOVIA%20BR%20232%2C%20%20S%2FN%20POMBOS%20PE,2025-10-29,ANP API v1,,86.0,00462284000138
200,SOBRAL & PALACIO PETROLEO LTDA,"RODOVIA DOUTOR MENDEL STEINBRUCH,  3800",61925660,MARACANAU,Brazil,BR,-3.835409,-38.582369,RAIZEN,false,,false,,,,,,,,https://www.google.com/maps?q=SOBRAL%20%26%20PALACIO%20PETROLEO%20LTDA%20RODOVIA%20DOUTOR%20MENDEL%20STEINBRUCH%2C%20%203800%20MARACANAU%20CE,2025-10-29,ANP API v1,,86.0,07240641002025
200,POSTO TRIANGULO LTDA,"RODOVIA BR 101,  S N",29176798,SERRA,Brazil,BR,-8.22748,-36.361136,BANDEIRA BRANCA,false,,false,,,,,,,,https://www.google.com/maps?q=POSTO%20TRIANGULO%20LTDA%20RODOVIA%20BR%20101%2C%20%20S%20N%20SERRA%20ES,2025-10-29,ANP API v1,,86.0,27023308000109
200,CDA EMPREENDIMENTOS LTDA,"RODOVIA BR 104 AL. KM 86,  SN",57100000,RIO LARGO,Brazil,BR,-9.514172,-36.625529,VIBRA,false,,false,,,,,,,,https://www.google.com/maps?q=CDA%20EMPREENDIMENTOS%20LTDA%20RODOVIA%20BR%20104%20AL.%20KM%2086%2C%20%20SN%20RIO%20LARGO%20AL,2025-10-29,ANP API v1,,86.0,12486809000405
200,AUTO POSTO REDE ENERGIA UM LTDA,"RODOVIA WASHINGTON LUIZ,,  14040",25230005,DUQUE DE CAXIAS,Brazil,BR,-22.393949,-43.134057,BANDEIRA BRANCA,false,,false,,,,,,,,https://www.google.com/maps?q=AUTO%20POSTO%20REDE%20ENERGIA%20UM%20LTDA%20RODOVIA%20WASHINGTON%20LUIZ%2C%2C%20%2014040%20DUQUE%20DE%20CAXIAS%20RJ,2025-10-29,ANP API v1,,85.0,09036231000120
200,POSTO PLANALTO LTDA,"RODOVIA BR 101 KM 360,  S/N",88717000,SANGAO,Brazil,BR,-22.56636,-55.68964,IPIRANGA,false,,false,,,,,,,,https://www.google.com/maps?q=POSTO%20PLANALTO%20LTDA%20RODOVIA%20BR%20101%20KM%20360%2C%20%20S%2FN%20SANGAO%20SC,2025-10-29,ANP API v1,,81.0,83467357000101
200,RONI COMERCIO DE COMBUSTIVEIS LTDA,"RODOVIA BR-101,  S/N",45601320,ITABUNA,Brazil,BR,-22.56636,-55.68964,BANDEIRA BRANCA,false,,false,,,,,,,,https://www.google.com/maps?q=RONI%20COMERCIO%20DE%20COMBUSTIVEIS%20LTDA%20RODOVIA%20BR-101%2C%20%20S%2FN%20ITABUNA%20BA,2025-10-29,ANP API v1,,86.0,22036844000125
200,POSTO MIME S.A.,"RODOVIA BR 470,  1755",89080001,INDAIAL,Brazil,BR,-26.874867,-48.668733,VIBRA,false,,false,,,,,,,,https://www.google.com/maps?q=POSTO%20MIME%20S.A.%20RODOVIA%20BR%20470%2C%20%201755%20INDAIAL%20SC,2025-10-29,ANP API v1,,81.0,83488882002661
200,F. G. FRATELLI COMERCIAL DE COMBUSTIVEIS LTDA,"RODOVIA LUIZ ROSSO,  1124",88803470,CRICIUMA,Brazil,BR,-28.703116,-49.369345,BANDEIRA BRANCA,false,,false,,,,,,,,https://www.google.com/maps?q=F.%20G.%20FRATELLI%20COMERCIAL%20DE%20COMBUSTIVEIS%20LTDA%20RODOVIA%20LUIZ%20ROSSO%2C%20%201124%20CRICIUMA%20SC,2025-10-29,ANP API v1,,81.0,09517479000455
200,POSTO SIM LTDA,"RODOVIA DOUTOR MENDEL STEINBRUCH,  14489",61934000,MARACANAU,Brazil,BR,-3.879403,-38.596093,BANDEIRA BRANCA,false,,false,,,,,,,,https://www.google.com/maps?q=POSTO%20SIM%20LTDA%20RODOVIA%20DOUTOR%20MENDEL%20STEINBRUCH%2C%20%2014489%20MARACANAU%20CE,2025-10-29,ANP API v1,,88.0,04369988000545
200,POSTO MIME S.A.,"RODOVIA BR 470  INGO HERING,  5555",88371890,NAVEGANTES,Brazil,BR,-7.20226,-35.555185,RAIZEN MIME,false,,false,,,,,,,,https://www.google.com/maps?q=POSTO%20MIME%20S.A.%20RODOVIA%20BR%20470%20%20INGO%20HERING%2C%20%205555%20NAVEGANTES%20SC,2025-10-29,ANP API v1,,88.0,83488882005504
200,CAXIAS PARQUE AUTO POSTO LTDA,"RODOVIA WASHINGTON LUIZ,  1335",25085008,DUQUE DE CAXIAS,Brazil,BR,-22.754209,-45.138904,BANDEIRA BRANCA,false,,false,,,,,,,,https://www.google.com/maps?q=CAXIAS%20PARQUE%20AUTO%20POSTO%20LTDA%20RODOVIA%20WASHINGTON%20LUIZ%2C%20%201335%20DUQUE%20DE%20CAXIAS%20RJ,2025-10-29,ANP API v1,,87.0,27905921000150
200,VILELA SA PETROLEO LTDA,"ESTRADA RN 160,  SN",59297396,SAO GONCALO DO AMARANTE,Brazil,BR,-5.779024,-36.768844,BANDEIRA BRANCA,false,,false,,,,,,,,https://www.google.com/maps?q=VILELA%20SA%20PETROLEO%20LTDA%20ESTRADA%20RN%20160%2C%20%20SN%20SAO%20GONCALO%20DO%20AMARANTE%20RN,2025-10-29,ANP API v1,,87.0,38422657000110
200,AUTO POSTO MONTEIROS DE CACHOEIRAS LTDA,"RODOVIA RJ 122,  S/N",28680000,CACHOEIRAS DE MACACU,Brazil,BR,-22.521119,-42.707912,BANDEIRA BRANCA,false,,false,,,,,,,,https://www.google.com/maps?q=AUTO%20POSTO%20MONTEIROS%20DE%20CACHOEIRAS%20LTDA%20RODOVIA%20RJ%20122%2C%20%20S%2FN%20CACHOEIRAS%20DE%20MACACU%20RJ,2025-10-29,ANP API v1,,86.0,22868306000105
200,SUPER GNV COMERCIO E SERVICOS LTDA,"RODOVIA JOAO LEOPOLDO JACOMEL,  12610",83323410,PINHAIS,Brazil,BR,-25.432029,-49.192487,ALE,false,,false,,,,,,,,https://www.google.com/maps?q=SUPER%20GNV%20COMERCIO%20E%20SERVICOS%20LTDA%20RODOVIA%20JOAO%20LEOPOLDO%20JACOMEL%2C%20%2012610%20PINHAIS%20PR,2025-10-29,ANP API v1,,86.0,28964056000185
200,POSTO DE COMBUSTIVEIS PRIMAVERA LTDA,"RODOVIA BR-116,  1780",93340215,NOVO HAMBURGO,Brazil,BR,-4.946686,-37.991644,VIBRA,false,,false,,,,,,,,https://www.google.com/maps?q=POSTO%20DE%20COMBUSTIVEIS%20PRIMAVERA%20LTDA%20RODOVIA%20BR-116%2C%20%201780%20NOVO%20HAMBURGO%20RS,2025-10-29,ANP API v1,,86.0,32293523000160
200,IT COMERCIAL DE COMBUSTIVEIS DOMINGOS LTDA,"RODOVIA BR 304,  2673",59513000,ITAJA,Brazil,BR,-5.915331,-35.526213,BANDEIRA BRANCA,false,,false,,,,,,,,https://www.google.com/maps?q=IT%20COMERCIAL%20DE%20COMBUSTIVEIS%20DOMINGOS%20LTDA%20RODOVIA%20BR%20304%2C%20%202673%20ITAJA%20RN,2025-10-29,ANP API v1,,86.0,40943234000197
200,SIM REDE DE POSTOS LTDA,"RODOVIA BR-116,  833",93270000,ESTEIO,Brazil,BR,-4.456431,-38.374466,VIBRA,false,,false,,,,,,,,https://www.google.com/maps?q=SIM%20REDE%20DE%20POSTOS%20LTDA%20RODOVIA%20BR-116%2C%20%20833%20ESTEIO%20RS,2025-10-29,ANP API v1,,86.0,07473735018048
200,POSTO MIME S.A.,"RODOVIA BR 470  INGO HERING,  S/N",88371890,NAVEGANTES,Brazil,BR,-22.56636,-55.68964,RAIZEN MIME,false,,false,,,,,,,,https://www.google.com/maps?q=POSTO%20MIME%20S.A.%20RODOVIA%20BR%20470%20%20INGO%20HERING%2C%20%20S%2FN%20NAVEGANTES%20SC,2025-10-29,ANP API v1,,84.0,83488882005334
200,AUTO POSTO PISCA PISCA LTDA,"RODOVIA AMARAL PEIXOTO,  S/N",28970000,ARARUAMA,Brazil,BR,-21.768497,-41.363128,IPIRANGA,false,,false,,,,,,,,https://www.google.com/maps?q=AUTO%20POSTO%20PISCA%20PISCA%20LTDA%20RODOVIA%20AMARAL%20PEIXOTO%2C%20%20S%2FN%20ARARUAMA%20RJ,2025-10-29,ANP API v1,,88.0,28529501000189
200,CARRETEIRO REVENDEDOR DE PETROLEO E DERIVADOS LTDA,"RODOVIA PRESIDENTE DUTRA,  S/N",7034000,GUARULHOS,Brazil,BR,-14.857959,-40.849224,VIBRA,false,,false,,,,,,,,https://www.google.com/maps?q=CARRETEIRO%20REVENDEDOR%20DE%20PETROLEO%20E%20DERIVADOS%20LTDA%20RODOVIA%20PRESIDENTE%20DUTRA%2C%20%20S%2FN%20GUARULHOS%20SP,2025-10-29,ANP API v1,,88.0,49084890000156
200,J A D ARAUJO & CIA LTDA,"RODOVIA BR 232,  SN",55140000,TACAIMBO,Brazil,BR,-8.227094,-36.35992,VIBRA,false,,false,,,,,,,,https://www.google.com/maps?q=J%20A%20D%20ARAUJO%20%26%20CIA%20LTDA%20RODOVIA%20BR%20232%2C%20%20SN%20TACAIMBO%20PE,2025-10-29,ANP API v1,,86.0,08072308000669
200,AUTO POSTO MATOZINHOS LTDA,"RODOVIA MG 424,  SN",35720000,MATOZINHOS,Brazil,BR,-20.91575,-46.140136,ALE,false,,false,,,,,,,,https://www.google.com/maps?q=AUTO%20POSTO%20MATOZINHOS%20LTDA%20RODOVIA%20MG%20424%2C%20%20SN%20MATOZINHOS%20MG,2025-10-29,ANP API v1,,86.0,17284472000116
200,POSTO SAO CRISTOVAO LTDA,"RODOVIA WASHINGTON LUIZ,  14450",25055009,DUQUE DE CAXIAS,Brazil,BR,-22.679474,-43.285605,IPIRANGA,false,,false,,,,,,,,https://www.google.com/maps?q=POSTO%20SAO%20CRISTOVAO%20LTDA%20RODOVIA%20WASHINGTON%20LUIZ%2C%20%2014450%20DUQUE%20DE%20CAXIAS%20RJ,2025-10-29,ANP API v1,,86.0,29320058000102
200,POSTO DE GASOLINA PRESIDENTE LTDA,"RODOVIA PRESIDENTE DUTRA,  630",21240001,RIO DE JANEIRO,Brazil,BR,-22.816196,-43.323918,VIBRA,false,,false,,,,,,,,https://www.google.com/maps?q=POSTO%20DE%20GASOLINA%20PRESIDENTE%20LTDA%20RODOVIA%20PRESIDENTE%20DUTRA%2C%20%20630%20RIO%20DE%20JANEIRO%20RJ,2025-10-29,ANP API v1,,86.0,33396839000140
200,SOCIEDADE COMERCIAL SANTA MARIA LTDA.,"RODOVIA BR-381,  2800",32280680,CONTAGEM,Brazil,BR,-18.937707,-42.054327,VIBRA,false,,false,,,,,,,,https://www.google.com/maps?q=SOCIEDADE%20COMERCIAL%20SANTA%20MARIA%20LTDA.%20RODOVIA%20BR-381%2C%20%202800%20CONTAGEM%20MG,2025-10-29,ANP API v1,,86.0,23234230000110
200,POSTO DE GASOLINA ELEFANTINHO LTDA,"RODOVIA RJ 140,  500",28940090,SAO PEDRO DA ALDEIA,Brazil,BR,-22.834753,-42.099614,RAIZEN,false,,false,,,,,,,,https://www.google.com/maps?q=POSTO%20DE%20GASOLINA%20ELEFANTINHO%20LTDA%20RODOVIA%20RJ%20140%2C%20%20500%20SAO%20PEDRO%20DA%20ALDEIA%20RJ,2025-10-29,ANP API v1,,86.0,28698652000160
200,POSTO DAS DUNAS DE CABO FRIO LTDA,"RODOVIA ESTADUAL RJ 140,  SN",28922150,CABO FRIO,Brazil,BR,-22.895349,-42.924464,RAIZEN,false,,false,,,,,,,,https://www.google.com/maps?q=POSTO%20DAS%20DUNAS%20DE%20CABO%20FRIO%20LTDA%20RODOVIA%20ESTADUAL%20RJ%20140%2C%20%20SN%20CABO%20FRIO%20RJ,2025-10-29,ANP API v1,,86.0,28746667000157
200,AUTO POSTO PARANAGUA LTDA,"RODOVIA SANTOS DUMONT,  850",25211000,DUQUE DE CAXIAS,Brazil,BR,-4.946323,-37.991412,VIBRA,false,,false,,,,,,,,https://www.google.com/maps?q=AUTO%20POSTO%20PARANAGUA%20LTDA%20RODOVIA%20SANTOS%20DUMONT%2C%20%20850%20DUQUE%20DE%20CAXIAS%20RJ,2025-10-29,ANP API v1,,86.0,28768778000164
200,POSTO DE GASOLINA JOTA LTDA,"RODOVIA WASHINGTON LUIZ,  5920",25055009,DUQUE DE CAXIAS,Brazil,BR,-22.394415,-43.13446,BANDEIRA BRANCA,false,,false,,,,,,,,https://www.google.com/maps?q=POSTO%20DE%20GASOLINA%20JOTA%20LTDA%20RODOVIA%20WASHINGTON%20LUIZ%2C%20%205920%20DUQUE%20DE%20CAXIAS%20RJ,2025-10-29,ANP API v1,,86.0,28768810000101
200,AUTO POSTO CASACA LTDA,"RODOVIA SANTOS DUMONT,  S/N",25943320,GUAPIMIRIM,Brazil,BR,-21.455296,-43.552143,BANDEIRA BRANCA,false,,false,,,,,,,,https://www.google.com/maps?q=AUTO%20POSTO%20CASACA%20LTDA%20RODOVIA%20SANTOS%20DUMONT%2C%20%20S%2FN%20GUAPIMIRIM%20RJ,2025-10-29,ANP API v1,,86.0,28837938000180
200,COMERCIAL DE COMBUSTIVEIS MARTINS LTDA,"RODOVIA BR 324,  S/N",44230000,AMELIA RODRIGUES,Brazil,BR,-22.56636,-55.68964,VIBRA,false,,false,,,,,,,,https://www.google.com/maps?q=COMERCIAL%20DE%20COMBUSTIVEIS%20MARTINS%20LTDA%20RODOVIA%20BR%20324%2C%20%20S%2FN%20AMELIA%20RODRIGUES%20BA,2025-10-29,ANP API v1,,85.0,16496705000262
200,AUTO POSTO GUARAIUBA LTDA,"VIA PARAFUSO,  S/N",42849000,CAMACARI,Brazil,BR,-12.778735,-38.319037,RAIZEN,false,,false,,,,,,,,https://www.google.com/maps?q=AUTO%20POSTO%20GUARAIUBA%20LTDA%20VIA%20PARAFUSO%2C%20%20S%2FN%20CAMACARI%20BA,2025-10-29,ANP API v1,,84.0,33859083000128
200,PARELHAS GAS LTDA,"RODOVIA BR 226,  SN",59200000,SANTA CRUZ,Brazil,BR,-8.045138,-46.87088,VIBRA,false,,false,,,,,,,,https://www.google.com/maps?q=PARELHAS%20GAS%20LTDA%20RODOVIA%20BR%20226%2C%20%20SN%20SANTA%20CRUZ%20RN,2025-10-29,ANP API v1,,86.0,24206617000550
200,IRMAOS FERREIRA COMERCIO DE COMBUSTIVEIS LTDA,"RODOVIA BR 101, KM 139,  SN",27998000,CARAPEBUS,Brazil,BR,-8.22748,-36.361136,VIBRA,false,,false,,,,,,,,https://www.google.com/maps?q=IRMAOS%20FERREIRA%20COMERCIO%20DE%20COMBUSTIVEIS%20LTDA%20RODOVIA%20BR%20101%2C%20KM%20139%2C%20%20SN%20CARAPEBUS%20RJ,2025-10-29,ANP API v1,,86.0,32059362000144
200,POSTO JARDIM ITATIAIA LTDA,"RODOVIA PRESIDENTE DUTRA,  S/N",27580000,ITATIAIA,Brazil,BR,-14.857959,-40.849224,BANDEIRA BRANCA,false,,false,,,,,,,,https://www.google.com/maps?q=POSTO%20JARDIM%20ITATIAIA%20LTDA%20RODOVIA%20PRESIDENTE%20DUTRA%2C%20%20S%2FN%20ITATIAIA%20RJ,2025-10-29,ANP API v1,,86.0,31457278000116
200,POSTO DE GASOLINA TREMENDAO LTDA,"RODOVIA BR 101,  SN",28115000,CAMPOS DOS GOYTACAZES,Brazil,BR,-8.22748,-36.361136,VIBRA,false,,false,,,,,,,,https://www.google.com/maps?q=POSTO%20DE%20GASOLINA%20TREMENDAO%20LTDA%20RODOVIA%20BR%20101%2C%20%20SN%20CAMPOS%20DOS%20GOYTACAZES%20RJ,2025-10-29,ANP API v1,,86.0,32360034000183
200,A P JET REVENDA DE COMBUSTIVEL LTDA,"RODOVIA LUCIO MEIRA,  KM 14",27250050,VOLTA REDONDA,Brazil,BR,-21.657925,-42.35239,IPIRANGA,false,,false,,,,,,,,https://www.google.com/maps?q=A%20P%20JET%20REVENDA%20DE%20COMBUSTIVEL%20LTDA%20RODOVIA%20LUCIO%20MEIRA%2C%20%20KM%2014%20VOLTA%20REDONDA%20RJ,2025-10-29,ANP API v1,,86.0,39758990000167
200,M DE AGUIAR COM. DE COMBUSTIVEIS E DER. DE PETROLEO LTD,"RODOVIA BR 324,  S/N",40000000,SALVADOR,Brazil,BR,-22.56636,-55.68964,BANDEIRA BRANCA,false,,false,,,,,,,,https://www.google.com/maps?q=M%20DE%20AGUIAR%20COM.%20DE%20COMBUSTIVEIS%20E%20DER.%20DE%20PETROLEO%20LTD%20RODOVIA%20BR%20324%2C%20%20S%2FN%20SALVADOR%20BA,2025-10-29,ANP API v1,,83.0,34310961000114
200,POSTO DE COMBUSTIVEL DA FIGUEIRA LTDA,"RODOVIA RS 040 KM 18,  3536",94760970,VIAMAO,Brazil,BR,-23.530071,-46.796696,RAIZEN,false,,false,,,,,,,,https://www.google.com/maps?q=POSTO%20DE%20COMBUSTIVEL%20DA%20FIGUEIRA%20LTDA%20RODOVIA%20RS%20040%20KM%2018%2C%20%203536%20VIAMAO%20RS,2025-10-29,ANP API v1,,87.0,02308408000150
200,POSTO CAMPO BELO LTDA,"RODOVIA BR 101,  80",59115001,NATAL,Brazil,BR,-7.934351,-34.902136,BANDEIRA BRANCA,false,,false,,,,,,,,https://www.google.com/maps?q=POSTO%20CAMPO%20BELO%20LTDA%20RODOVIA%20BR%20101%2C%20%2080%20NATAL%20RN,2025-10-29,ANP API v1,,87.0,02316952000225
200,AUTO POSTO MENDONCA LTDA," LOC  BR 235,  S N",49580000,AREIA BRANCA,Brazil,BR,-22.56636,-55.68964,RAIZEN,false,,false,,,,,,,,https://www.google.com/maps?q=AUTO%20POSTO%20MENDONCA%20LTDA%20%20LOC%20%20BR%20235%2C%20%20S%20N%20AREIA%20BRANCA%20SE,2025-10-29,ANP API v1,,86.0,15591589000117
200,SODIC SOCIEDADE REVENDEDORA DE COMBUSTIVEIS LTDA,"RODOVIA BA 528 ESTRADA DA BASE NAVAL DE ARATU,  4814",40810010,SALVADOR,Brazil,BR,-12.890773,-38.443581,VIBRA,false,,false,,,,,,,,https://www.google.com/maps?q=SODIC%20SOCIEDADE%20REVENDEDORA%20DE%20COMBUSTIVEIS%20LTDA%20RODOVIA%20BA%20528%20ESTRADA%20DA%20BASE%20NAVAL%20DE%20ARATU%2C%20%204814%20SALVADOR%20BA,2025-10-29,ANP API v1,,86.0,15847874000660
200,POSTO DE GASOLINA BRAGAL LTDA,"RODOVIA BR 101,  S/N",28860000,CASIMIRO DE ABREU,Brazil,BR,-22.56636,-55.68964,BANDEIRA BRANCA,false,,false,,,,,,,,https://www.google.com/maps?q=POSTO%20DE%20GASOLINA%20BRAGAL%20LTDA%20RODOVIA%20BR%20101%2C%20%20S%2FN%20CASIMIRO%20DE%20ABREU%20RJ,2025-10-29,ANP API v1,,86.0,28372407000169
200,AUTO POSTO GOMES NOGUEIRA LTDA.," BR-101/RJ,  KM 288",24800001,ITABORAI,Brazil,BR,-22.755426,-42.891326,BANDEIRA BRANCA,false,,false,,,,,,,,https://www.google.com/maps?q=AUTO%20POSTO%20GOMES%20NOGUEIRA%20LTDA.%20%20BR-101%2FRJ%2C%20%20KM%20288%20ITABORAI%20RJ,2025-10-29,ANP API v1,,86.0,03705253000159
200,FRANCISCO ASSIS NETO POSTO IGUANA,"AVENIDA PRESIDENTE DUTRA,  S/N",59631000,MOSSORO,Brazil,BR,-23.426815,-46.4327,FAN,false,,false,,,,,,,,https://www.google.com/maps?q=FRANCISCO%20ASSIS%20NETO%20POSTO%20IGUANA%20AVENIDA%20PRESIDENTE%20DUTRA%2C%20%20S%2FN%20MOSSORO%20RN,2025-10-29,ANP API v1,,86.0,08350555000841
200,M. S. PETROLEO LTDA,"RODOVIA BR 116,  2620",60850000,FORTALEZA,Brazil,BR,-3.80787,-38.502204,RAIZEN,false,,false,,,,,,,,https://www.google.com/maps?q=M.%20S.%20PETROLEO%20LTDA%20RODOVIA%20BR%20116%2C%20%202620%20FORTALEZA%20CE,2025-10-29,ANP API v1,,86.0,02487286000107
200,POSTO NEVES E VIANA LTDA,"RODOVIA BR 222,  S/N",61605600,CAUCAIA,Brazil,BR,-22.56636,-55.68964,VIBRA,false,,false,,,,,,,,https://www.google.com/maps?q=POSTO%20NEVES%20E%20VIANA%20LTDA%20RODOVIA%20BR%20222%2C%20%20S%2FN%20CAUCAIA%20CE,2025-10-29,ANP API v1,,86.0,04327828000100
200,POSTO TIO ZICO II LTDA.,"RODOVIA BR 376,  25000",83090650,SAO JOSE DOS PINHAIS,Brazil,BR,-25.71629,-49.138844,IPIRANGA,false,,false,,,,,,,,https://www.google.com/maps?q=POSTO%20TIO%20ZICO%20II%20LTDA.%20RODOVIA%20BR%20376%2C%20%2025000%20SAO%20JOSE%20DOS%20PINHAIS%20PR,2025-10-29,ANP API v1,,86.0,03303820000140
200,CENTRO DE SERVICOS FRANGO ASSADO -NORTE LTDA,"VIA ANHANGUERA,  S/N",13290000,LOUVEIRA,Brazil,BR,-16.05593,-45.142527,VIBRA,false,,false,,,,,,,,https://www.google.com/maps?q=CENTRO%20DE%20SERVICOS%20FRANGO%20ASSADO%20-NORTE%20LTDA%20VIA%20ANHANGUERA%2C%20%20S%2FN%20LOUVEIRA%20SP,2025-10-29,ANP API v1,,86.0,02896671000108
200,PETRO CABO LTDA,"RODOVIA PE 60,  1900",54518343,CABO DE SANTO AGOSTINHO,Brazil,BR,-8.304352,-35.021321,BANDEIRA BRANCA,false,,false,,,,,,,,https://www.google.com/maps?q=PETRO%20CABO%20LTDA%20RODOVIA%20PE%2060%2C%20%201900%20CABO%20DE%20SANTO%20AGOSTINHO%20PE,2025-10-29,ANP API v1,,88.0,05097635000172
200,ANTONIO SANTINI AUTO POSTO DE COMBUSTIVEIS LTDA," BR 393 KM 200,  SN",27660000,RIO DAS FLORES,Brazil,BR,-15.684568,-47.790561,BANDEIRA BRANCA,false,,false,,,,,,,,https://www.google.com/maps?q=ANTONIO%20SANTINI%20AUTO%20POSTO%20DE%20COMBUSTIVEIS%20LTDA%20%20BR%20393%20KM%20200%2C%20%20SN%20RIO%20DAS%20FLORES%20RJ,2025-10-29,ANP API v1,,86.0,05097374000190
200,POSTO DE COMBUSTIVEIS POINT DE NOVA IGUACU LTDA,"ESTRADA ANTIGA RIO SAO PAULO, BR 465,  149",26262020,NOVA IGUACU,Brazil,BR,-22.748357,-43.698536,BANDEIRA BRANCA,false,,false,,,,,,,,https://www.google.com/maps?q=POSTO%20DE%20COMBUSTIVEIS%20POINT%20DE%20NOVA%20IGUACU%20LTDA%20ESTRADA%20ANTIGA%20RIO%20SAO%20PAULO%2C%20BR%20465%2C%20%20149%20NOVA%20IGUACU%20RJ,2025-10-29,ANP API v1,,86.0,08728050000100
200,COMERCIO DE COMBUSTIVEIS E LUBRIFICANTES RONSANI LTDA,"RODOVIA ICR 353,  S/N",88820000,ICARA,Brazil,BR,-28.711275,-49.182646,RAIZEN MIME,false,,false,,,,,,,,https://www.google.com/maps?q=COMERCIO%20DE%20COMBUSTIVEIS%20E%20LUBRIFICANTES%20RONSANI%20LTDA%20RODOVIA%20ICR%20353%2C%20%20S%2FN%20ICARA%20SC,2025-10-29,ANP API v1,,86.0,07396885000139
200,AUTO POSTO RURAL DE SEROPEDICA LTDA,"ESTRADA RIO SAO PAULO,  S/N",23890001,SEROPEDICA,Brazil,BR,-23.55214,-46.647198,VIBRA,false,,false,,,,,,,,https://www.google.com/maps?q=AUTO%20POSTO%20RURAL%20DE%20SEROPEDICA%20LTDA%20ESTRADA%20RIO%20SAO%20PAULO%2C%20%20S%2FN%20SEROPEDICA%20RJ,2025-10-29,ANP API v1,,83.0,03754346000173
200,L & S COMERCIO DE COMBUSTIVEIS LTDA,"RODOVIA DOUTOR MENDEL STEINBRUCH,  9953",61910000,MARACANAU,Brazil,BR,-3.853726,-38.58812,VIBRA,false,,false,,,,,,,,https://www.google.com/maps?q=L%20%26%20S%20COMERCIO%20DE%20COMBUSTIVEIS%20LTDA%20RODOVIA%20DOUTOR%20MENDEL%20STEINBRUCH%2C%20%209953%20MARACANAU%20CE,2025-10-29,ANP API v1,,83.0,02858003000358
200,2 A COMERCIO DE COMBUSTIVEIS GNV E LUBRIFICANTES LTDA,"RODOVIA BR 101  KM  116,  S/N",48005440,ALAGOINHAS,Brazil,BR,-15.796119,-47.888252,LARCO,false,,false,,,,,,,,https://www.google.com/maps?q=2%20A%20COMERCIO%20DE%20COMBUSTIVEIS%20GNV%20E%20LUBRIFICANTES%20LTDA%20RODOVIA%20BR%20101%20%20KM%20%20116%2C%20%20S%2FN%20ALAGOINHAS%20BA,2025-10-29,ANP API v1,,86.0,14238511000150
200,COMERCIAL BUFFON COMBUSTIVEIS E TRANSPORTES LIMITADA,"RODOVIA RS 118, KM 11 + 550 METROS,  SN",94901970,CACHOEIRINHA,Brazil,BR,-29.98887,-50.993215,VIBRA,false,,false,,,,,,,,https://www.google.com/maps?q=COMERCIAL%20BUFFON%20COMBUSTIVEIS%20E%20TRANSPORTES%20LIMITADA%20RODOVIA%20RS%20118%2C%20KM%2011%20%2B%20550%20METROS%2C%20%20SN%20CACHOEIRINHA%20RS,2025-10-29,ANP API v1,,86.0,93489243003565
200,SANTA CLARA COMERCIO DE COMBUSTIVEIS LTDA,"RODOVIA ENGENHEIRO FABIANO VIVACQUA,  1414",29318400,CACHOEIRO DE ITAPEMIRIM,Brazil,BR,-20.806915,-41.156157,VIBRA,false,,false,,,,,,,,https://www.google.com/maps?q=SANTA%20CLARA%20COMERCIO%20DE%20COMBUSTIVEIS%20LTDA%20RODOVIA%20ENGENHEIRO%20FABIANO%20VIVACQUA%2C%20%201414%20CACHOEIRO%20DE%20ITAPEMIRIM%20ES,2025-10-29,ANP API v1,,86.0,02583872000155
200,POSTO APODI LTDA,"RUA JOAQUIM TEIXEIRA DE MOURA,  1350",59700000,APODI,Brazil,BR,-5.648962,-37.800016,ALE,false,,false,,,,,,,,https://www.google.com/maps?q=POSTO%20APODI%20LTDA%20RUA%20JOAQUIM%20TEIXEIRA%20DE%20MOURA%2C%20%201350%20APODI%20RN,2025-10-29,ANP API v1,,83.0,08692063000168
200,FCJ - COMBUSTIVEIS E CONVENIENCIA LTDA,"RODOVIA EMPRESARIO JOAO SANTOS FILHO,  471",54355030,JABOATAO DOS GUARARAPES,Brazil,BR,-8.156992,-34.969082,BANDEIRA BRANCA,false,,false,,,,,,,,https://www.google.com/maps?q=FCJ%20-%20COMBUSTIVEIS%20E%20CONVENIENCIA%20LTDA%20RODOVIA%20EMPRESARIO%20JOAO%20SANTOS%20FILHO%2C%20%20471%20JABOATAO%20DOS%20GUARARAPES%20PE,2025-10-29,ANP API v1,,82.0,20700989000153
200,POSTO MIME S.A.,"RODOVIA BR 101,  24000",89245000,ARAQUARI,Brazil,BR,-6.688596,-35.11497,RAIZEN MIME,false,,false,,,,,,,,https://www.google.com/maps?q=POSTO%20MIME%20S.A.%20RODOVIA%20BR%20101%2C%20%2024000%20ARAQUARI%20SC,2025-10-29,ANP API v1,,89.0,83488882004443
200,POSTO DE COMBUSTIVEIS GUAPURUVU LTDA,"RODOVIA LUCIO MEIRA (BR-393),  S/N",27335000,BARRA MANSA,Brazil,BR,-22.124109,-43.231269,BANDEIRA BRANCA,false,,false,,,,,,,,https://www.google.com/maps?q=POSTO%20DE%20COMBUSTIVEIS%20GUAPURUVU%20LTDA%20RODOVIA%20LUCIO%20MEIRA%20%28BR-393%29%2C%20%20S%2FN%20BARRA%20MANSA%20RJ,2025-10-29,ANP API v1,,88.0,22793239000107
200,BATISTA COMERCIO DE COMBUSTIVEIS E LUBRIFICANTES LTDA,"AVENIDA FERROVIARIA,  S/N",45658340,ILHEUS,Brazil,BR,-7.144607,-35.957804,BANDEIRA BRANCA,false,,false,,,,,,,,https://www.google.com/maps?q=BATISTA%20COMERCIO%20DE%20COMBUSTIVEIS%20E%20LUBRIFICANTES%20LTDA%20AVENIDA%20FERROVIARIA%2C%20%20S%2FN%20ILHEUS%20BA,2025-10-29,ANP API v1,,86.0,28562491000183
200,POSTO MIME S.A.,"RODOVIA BR 101,  24333",89245000,ARAQUARI,Brazil,BR,-6.689738,-35.115122,RAIZEN MIME,false,,false,,,,,,,,https://www.google.com/maps?q=POSTO%20MIME%20S.A.%20RODOVIA%20BR%20101%2C%20%2024333%20ARAQUARI%20SC,2025-10-29,ANP API v1,,86.0,83488882004362
200,AUTO POSTO RODHAR LTDA,"RODOVIA WASHINGTON LUIZ,  SN",25265008,DUQUE DE CAXIAS,Brazil,BR,-22.350778,-43.120562,BANDEIRA BRANCA,false,,false,,,,,,,,https://www.google.com/maps?q=AUTO%20POSTO%20RODHAR%20LTDA%20RODOVIA%20WASHINGTON%20LUIZ%2C%20%20SN%20DUQUE%20DE%20CAXIAS%20RJ,2025-10-29,ANP API v1,,86.0,28099773000196
200,VITORIA - PETRO DERIVADOS DE PETROLEO LTDA,"AVENIDA PRESIDENTE DUTRA,  SN",45051030,VITORIA DA CONQUISTA,Brazil,BR,-8.394436,-47.771348,VIBRA,false,,false,,,,,,,,https://www.google.com/maps?q=VITORIA%20-%20PETRO%20DERIVADOS%20DE%20PETROLEO%20LTDA%20AVENIDA%20PRESIDENTE%20DUTRA%2C%20%20SN%20VITORIA%20DA%20CONQUISTA%20BA,2025-10-29,ANP API v1,,85.0,11758308000117
200,CENTRO AUTOMOTIVO PUGLIA LTDA,"RODOVIA PRESIDENTE DUTRA,  S/N",7034010,GUARULHOS,Brazil,BR,-14.857959,-40.849224,IPIRANGA,false,,false,,,,,,,,https://www.google.com/maps?q=CENTRO%20AUTOMOTIVO%20PUGLIA%20LTDA%20RODOVIA%20PRESIDENTE%20DUTRA%2C%20%20S%2FN%20GUARULHOS%20SP,2025-10-29,ANP API v1,,85.0,38033703000199
200,POSTO MOC 365 LTDA,"RODOVIA BR-365,  S/N",39403203,MONTES CLAROS,Brazil,BR,-22.56636,-55.68964,BANDEIRA BRANCA,false,,false,,,,,,,,https://www.google.com/maps?q=POSTO%20MOC%20365%20LTDA%20RODOVIA%20BR-365%2C%20%20S%2FN%20MONTES%20CLAROS%20MG,2025-10-29,ANP API v1,,86.0,49885365000130
200,M G DERIVADOS DE PETROLEO LTDA,"RODOVIA BR 324,  S/N",44001970,FEIRA DE SANTANA,Brazil,BR,-22.56636,-55.68964,VIBRA,false,,false,,,,,,,,https://www.google.com/maps?q=M%20G%20DERIVADOS%20DE%20PETROLEO%20LTDA%20RODOVIA%20BR%20324%2C%20%20S%2FN%20FEIRA%20DE%20SANTANA%20BA,2025-10-29,ANP API v1,,82.0,00096068000116
200,CHACRINHA POSTO DE SERVICOS LTDA,"RODOVIA WASHINGTON LUIZ,  4492",25055000,DUQUE DE CAXIAS,Brazil,BR,-22.394496,-43.134531,IPIRANGA,true,,false,,,,,,,,https://www.google.com/maps?q=CHACRINHA%20POSTO%20DE%20SERVICOS%20LTDA%20RODOVIA%20WASHINGTON%20LUIZ%2C%20%204492%20DUQUE%20DE%20CAXIAS%20RJ,2025-10-29,ANP API v1,,100.0,00624710000192
200,POSTO SOL DA DUTRA LTDA.,"RODOVIA PRESIDENTE DUTRA,  S/NO.",27365000,BARRA MANSA,Brazil,BR,-14.857959,-40.849224,BANDEIRA BRANCA,true,,false,,,,,,,,https://www.google.com/maps?q=POSTO%20SOL%20DA%20DUTRA%20LTDA.%20RODOVIA%20PRESIDENTE%20DUTRA%2C%20%20S%2FNO.%20BARRA%20MANSA%20RJ,2025-10-29,ANP API v1,,100.0,06012414000117
200,POSTO DE COMBUSTIVEIS VOO LIVRE KM 52 LTDA,"RODOVIA AMARAL PEIXOTO,  KM 52",28997000,SAQUAREMA,Brazil,BR,-22.912332,-42.933114,RAIZEN,false,,false,,,,,,,,https://www.google.com/maps?q=POSTO%20DE%20COMBUSTIVEIS%20VOO%20LIVRE%20KM%2052%20LTDA%20RODOVIA%20AMARAL%20PEIXOTO%2C%20%20KM%2052%20SAQUAREMA%20RJ,2025-10-29,ANP API v1,,89.0,05762296000100
200,POSTO SANTA GEMA LTDA,"RODOVIA GOVERNADOR MARIO COVAS,  SN",29316378,CACHOEIRO DE ITAPEMIRIM,Brazil,BR,-7.830009,-34.91434,VIBRA,false,,false,,,,,,,,https://www.google.com/maps?q=POSTO%20SANTA%20GEMA%20LTDA%20RODOVIA%20GOVERNADOR%20MARIO%20COVAS%2C%20%20SN%20CACHOEIRO%20DE%20ITAPEMIRIM%20ES,2025-10-29,ANP API v1,,86.0,01917233000116
200,COMERCIAL RALORI LTDA,"RODOVIA NORTE SUL,  3595",29168078,SERRA,Brazil,BR,-20.19257,-40.256652,RAIZEN,false,,false,,,,,,,,https://www.google.com/maps?q=COMERCIAL%20RALORI%20LTDA%20RODOVIA%20NORTE%20SUL%2C%20%203595%20SERRA%20ES,2025-10-29,ANP API v1,,86.0,00611875000120
200,POSTO DE COMBUSTÍVEL S W EIRELI," LOC BR 101,  SN",58320000,ALHANDRA,Brazil,BR,-22.56636,-55.68964,BANDEIRA BRANCA,false,,false,,,,,,,,https://www.google.com/maps?q=POSTO%20DE%20COMBUST%C3%8DVEL%20S%20W%20EIRELI%20%20LOC%20BR%20101%2C%20%20SN%20ALHANDRA%20PB,2025-10-29,ANP API v1,,86.0,01982212000184
200,PORTAL DE POA AUTO POSTO LTDA,"RODOVIA JOAO AFONSO DE SOUZA CASTELLANO,  1890",8559000,POA,Brazil,BR,-23.502578,-46.34868,BANDEIRA BRANCA,false,,false,,,,,,,,https://www.google.com/maps?q=PORTAL%20DE%20POA%20AUTO%20POSTO%20LTDA%20RODOVIA%20JOAO%20AFONSO%20DE%20SOUZA%20CASTELLANO%2C%20%201890%20POA%20SP,2025-10-29,ANP API v1,,86.0,04576763000136
200,POSTO CIDADE DAS PRAIAS LTDA.,"RODOVIA SC 442,  S/N",88705000,JAGUARUNA,Brazil,BR,-28.639251,-49.019545,VIBRA,false,,false,,,,,,,,https://www.google.com/maps?q=POSTO%20CIDADE%20DAS%20PRAIAS%20LTDA.%20RODOVIA%20SC%20442%2C%20%20S%2FN%20JAGUARUNA%20SC,2025-10-29,ANP API v1,,86.0,05423899000179
200,AUTO POSTO E POUSADA RURAL DE PIRANEMA LTDA,"RODOVIA BR. 465 KM. 40,  S/N",23890001,SEROPEDICA,Brazil,BR,-15.796119,-47.888252,BANDEIRA BRANCA,false,,false,,,,,,,,https://www.google.com/maps?q=AUTO%20POSTO%20E%20POUSADA%20RURAL%20DE%20PIRANEMA%20LTDA%20RODOVIA%20BR.%20465%20KM.%2040%2C%20%20S%2FN%20SEROPEDICA%20RJ,2025-10-29,ANP API v1,,84.0,05142318000120
200,POSTO Z2 LTDA,"RODOVIA BR 470,  243",89080001,INDAIAL,Brazil,BR,-26.880654,-49.242296,IPIRANGA,false,,false,,,,,,,,https://www.google.com/maps?q=POSTO%20Z2%20LTDA%20RODOVIA%20BR%20470%2C%20%20243%20INDAIAL%20SC,2025-10-29,ANP API v1,,82.0,05407823000150
200,POSTO SUL LTDA,"RODOVIA BR 101 SUL,  S/N",54345160,JABOATAO DOS GUARARAPES,Brazil,BR,-22.487692,-55.721615,DISLUB,false,,false,,,,,,,,https://www.google.com/maps?q=POSTO%20SUL%20LTDA%20RODOVIA%20BR%20101%20SUL%2C%20%20S%2FN%20JABOATAO%20DOS%20GUARARAPES%20PE,2025-10-29,ANP API v1,,82.0,09456974000159
200,VILA BELA COMERCIO DE COMBUSTIVEL LTDA,"RODOVIA BR-232,  S/N",54130340,JABOATAO DOS GUARARAPES,Brazil,BR,-22.56636,-55.68964,BANDEIRA BRANCA,false,,false,,,,,,,,https://www.google.com/maps?q=VILA%20BELA%20COMERCIO%20DE%20COMBUSTIVEL%20LTDA%20RODOVIA%20BR-232%2C%20%20S%2FN%20JABOATAO%20DOS%20GUARARAPES%20PE,2025-10-29,ANP API v1,,82.0,07105859000104
200,MARCLAU COMERCIO DE COMBUSTIVEIS LTDA,"RODOVIA BR 101,  S/N",24425470,SAO GONCALO,Brazil,BR,-22.56636,-55.68964,RAIZEN,false,,false,,,,,,,,https://www.google.com/maps?q=MARCLAU%20COMERCIO%20DE%20COMBUSTIVEIS%20LTDA%20RODOVIA%20BR%20101%2C%20%20S%2FN%20SAO%20GONCALO%20RJ,2025-10-29,ANP API v1,,81.0,00157051000121
200,POSTO IPIRANGAO LTDA,"RODOVIA BR 101,  S/N",55540000,PALMARES,Brazil,BR,-22.56636,-55.68964,VIBRA,false,,false,,,,,,,,https://www.google.com/maps?q=POSTO%20IPIRANGAO%20LTDA%20RODOVIA%20BR%20101%2C%20%20S%2FN%20PALMARES%20PE,2025-10-29,ANP API v1,,81.0,01751467000136
200,AUTO POSTO RJ-SAO PEDRO LTDA,"RODOVIA RJ 140,  S/N",28940090,SAO PEDRO DA ALDEIA,Brazil,BR,-22.862001,-42.050146,BANDEIRA BRANCA,false,,false,,,,,,,,https://www.google.com/maps?q=AUTO%20POSTO%20RJ-SAO%20PEDRO%20LTDA%20RODOVIA%20RJ%20140%2C%20%20S%2FN%20SAO%20PEDRO%20DA%20ALDEIA%20RJ,2025-10-29,ANP API v1,,87.0,11076308000137
200,POSTO DE COMBUSTIVEIS E LUBRIFICANTES CORREIA LTDA,"RODOVIA BA 522 KM 10,  SN",43813300,CANDEIAS,Brazil,BR,-11.746189,-42.089382,LARCO,false,,false,,,,,,,,https://www.google.com/maps?q=POSTO%20DE%20COMBUSTIVEIS%20E%20LUBRIFICANTES%20CORREIA%20LTDA%20RODOVIA%20BA%20522%20KM%2010%2C%20%20SN%20CANDEIAS%20BA,2025-10-29,ANP API v1,,87.0,06099586000170
200,A. PEIXOTO POSTO DE ABASTECIMENTO LTDA,"RODOVIA AMARAL PEIXOTO,  S/N",27970020,MACAE,Brazil,BR,-21.768497,-41.363128,BANDEIRA BRANCA,false,,false,,,,,,,,https://www.google.com/maps?q=A.%20PEIXOTO%20POSTO%20DE%20ABASTECIMENTO%20LTDA%20RODOVIA%20AMARAL%20PEIXOTO%2C%20%20S%2FN%20MACAE%20RJ,2025-10-29,ANP API v1,,87.0,05759056000148
200,MARQUINHO COMBUSTIVEIS E SERVICOS LTDA,"RODOVIA BR 101,  S/N",88106100,SAO JOSE,Brazil,BR,-22.56636,-55.68964,ALE,false,,false,,,,,,,,https://www.google.com/maps?q=MARQUINHO%20COMBUSTIVEIS%20E%20SERVICOS%20LTDA%20RODOVIA%20BR%20101%2C%20%20S%2FN%20SAO%20JOSE%20SC,2025-10-29,ANP API v1,,86.0,05991479000270
200,REDE DE POSTOS SETE ESTRELAS LTDA,"RODOVIA PRESIDENTE DUTRA,  S/N",12286160,CACAPAVA,Brazil,BR,-14.857959,-40.849224,BANDEIRA BRANCA,false,,false,,,,,,,,https://www.google.com/maps?q=REDE%20DE%20POSTOS%20SETE%20ESTRELAS%20LTDA%20RODOVIA%20PRESIDENTE%20DUTRA%2C%20%20S%2FN%20CACAPAVA%20SP,2025-10-29,ANP API v1,,86.0,45694437002669
200,F C MATOS OLIVEIRA  LTDA,"RODOVIA MA 014,  125",65235000,SAO BENTO,Brazil,BR,-2.703624,-44.841322,BANDEIRA BRANCA,false,,false,,,,,,,,https://www.google.com/maps?q=F%20C%20MATOS%20OLIVEIRA%20%20LTDA%20RODOVIA%20MA%20014%2C%20%20125%20SAO%20BENTO%20MA,2025-10-29,ANP API v1,,86.0,03180674000375
200,INVESTGAS LOCACAO E INVESTIMENTO LIMITADA,"RODOVIA BR 101,  S/N",58320000,ALHANDRA,Brazil,BR,-22.56636,-55.68964,BANDEIRA BRANCA,false,,false,,,,,,,,https://www.google.com/maps?q=INVESTGAS%20LOCACAO%20E%20INVESTIMENTO%20LIMITADA%20RODOVIA%20BR%20101%2C%20%20S%2FN%20ALHANDRA%20PB,2025-10-29,ANP API v1,,86.0,07617461000238
200,AUTO POSTO DR 4 LTDA,"RODOVIA BR 104 KM 20,1,  SN",55790000,TAQUARITINGA DO NORTE,Brazil,BR,-15.684568,-47.790561,BANDEIRA BRANCA,false,,false,,,,,,,,https://www.google.com/maps?q=AUTO%20POSTO%20DR%204%20LTDA%20RODOVIA%20BR%20104%20KM%2020%2C1%2C%20%20SN%20TAQUARITINGA%20DO%20NORTE%20PE,2025-10-29,ANP API v1,,86.0,05854086000303
200,POSTO G MARCUS COMERCIO DE COMBUSTIVEIS LTDA,"RODOVIA B R 101,  S N",28860971,CASIMIRO DE ABREU,Brazil,BR,-10.742374,-48.403404,BANDEIRA BRANCA,false,,false,,,,,,,,https://www.google.com/maps?q=POSTO%20G%20MARCUS%20COMERCIO%20DE%20COMBUSTIVEIS%20LTDA%20RODOVIA%20B%20R%20101%2C%20%20S%20N%20CASIMIRO%20DE%20ABREU%20RJ,2025-10-29,ANP API v1,,86.0,10311450000159
200,AUTO POSTO BRAMBILA LTDA,"RODOVIA BR 101,  S/N",88910000,MARACAJA,Brazil,BR,-22.56636,-55.68964,IPIRANGA,false,,false,,,,,,,,https://www.google.com/maps?q=AUTO%20POSTO%20BRAMBILA%20LTDA%20RODOVIA%20BR%20101%2C%20%20S%2FN%20MARACAJA%20SC,2025-10-29,ANP API v1,,86.0,11486872000128
200,POSTO DE GASOLINA BARRETO E SILVA LTDA,"RODOVIA LUCIO MEIRA,  299",27250050,VOLTA REDONDA,Brazil,BR,-21.657984,-42.352273,BANDEIRA BRANCA,false,,false,,,,,,,,https://www.google.com/maps?q=POSTO%20DE%20GASOLINA%20BARRETO%20E%20SILVA%20LTDA%20RODOVIA%20LUCIO%20MEIRA%2C%20%20299%20VOLTA%20REDONDA%20RJ,2025-10-29,ANP API v1,,86.0,08962639000160
200,AUTO POSTO BARRA DE CASIMIRO LTDA,"ESTRADA AMARAL PEIXOTO,  SN",28880000,CASIMIRO DE ABREU,Brazil,BR,-20.858133,-41.108677,VIBRA,false,,false,,,,,,,,https://www.google.com/maps?q=AUTO%20POSTO%20BARRA%20DE%20CASIMIRO%20LTDA%20ESTRADA%20AMARAL%20PEIXOTO%2C%20%20SN%20CASIMIRO%20DE%20ABREU%20RJ,2025-10-29,ANP API v1,,85.0,05118175000111
200,SERVICAR S/A,"RODOVIA BR 101,  S/N",54515070,CABO DE SANTO AGOSTINHO,Brazil,BR,-22.56636,-55.68964,VIBRA,false,,false,,,,,,,,https://www.google.com/maps?q=SERVICAR%20S%2FA%20RODOVIA%20BR%20101%2C%20%20S%2FN%20CABO%20DE%20SANTO%20AGOSTINHO%20PE,2025-10-29,ANP API v1,,82.0,09798307000316
200,POSTO DE COMBUSTIVEIS PACATUBA LTDA,"RODOVIA CE 060,  S/N",61800100,PACATUBA,Brazil,BR,-3.901471,-38.602443,VIBRA,false,,false,,,,,,,,https://www.google.com/maps?q=POSTO%20DE%20COMBUSTIVEIS%20PACATUBA%20LTDA%20RODOVIA%20CE%20060%2C%20%20S%2FN%20PACATUBA%20CE,2025-10-29,ANP API v1,,86.0,13763324000123
200,POSTO SOUTO BAHIA II LTDA,"RODOVIA AMARAL PEIXOTO,  S/N",28890001,RIO DAS OSTRAS,Brazil,BR,-21.768497,-41.363128,RAIZEN,false,,false,,,,,,,,https://www.google.com/maps?q=POSTO%20SOUTO%20BAHIA%20II%20LTDA%20RODOVIA%20AMARAL%20PEIXOTO%2C%20%20S%2FN%20RIO%20DAS%20OSTRAS%20RJ,2025-10-29,ANP API v1,,86.0,14507889000102
200,PALLADIUM COMERCIO VAREJISTA DE COMBUSTIVEL LTDA,"RODOVIA CAMPOS SANTO AMARO,  SN",28143000,CAMPOS DOS GOYTACAZES,Brazil,BR,-23.639889,-46.700714,BANDEIRA BRANCA,false,,false,,,,,,,,https://www.google.com/maps?q=PALLADIUM%20COMERCIO%20VAREJISTA%20DE%20COMBUSTIVEL%20LTDA%20RODOVIA%20CAMPOS%20SANTO%20AMARO%2C%20%20SN%20CAMPOS%20DOS%20GOYTACAZES%20RJ,2025-10-29,ANP API v1,,86.0,13412918000190
200,POSTO DE GAS NATURAL LAMACAES LTDA,"RODOVIA PRESIDENTE DUTRA,  11991",26221190,NOVA IGUACU,Brazil,BR,-22.756345,-43.432126,VIBRA,false,,false,,,,,,,,https://www.google.com/maps?q=POSTO%20DE%20GAS%20NATURAL%20LAMACAES%20LTDA%20RODOVIA%20PRESIDENTE%20DUTRA%2C%20%2011991%20NOVA%20IGUACU%20RJ,2025-10-29,ANP API v1,,86.0,06341140000100
200,GNV PADUA COMERCIO DE COMBUSTIVEL LTDA,"ESTRADA PADUA - PIRAPETINGA,  SN",28470000,SANTO ANTONIO DE PADUA,Brazil,BR,-21.658598,-42.344894,BANDEIRA BRANCA,false,,false,,,,,,,,https://www.google.com/maps?q=GNV%20PADUA%20COMERCIO%20DE%20COMBUSTIVEL%20LTDA%20ESTRADA%20PADUA%20-%20PIRAPETINGA%2C%20%20SN%20SANTO%20ANTONIO%20DE%20PADUA%20RJ,2025-10-29,ANP API v1,,86.0,15252610000150
200,POSTO BERRIEL FIDELENSE LTDA - ME,"RODOVIA RJ 158,  S/N",28400000,SAO FIDELIS,Brazil,BR,-21.6357,-41.638817,BANDEIRA BRANCA,false,,false,,,,,,,,https://www.google.com/maps?q=POSTO%20BERRIEL%20FIDELENSE%20LTDA%20-%20ME%20RODOVIA%20RJ%20158%2C%20%20S%2FN%20SAO%20FIDELIS%20RJ,2025-10-29,ANP API v1,,86.0,05203525000148
200,REDE HG COMBUSTIVEIS LTDA.,"AVENIDA RIO/BAHIA,  S/N",35054060,GOVERNADOR VALADARES,Brazil,BR,-11.746189,-42.089382,VIBRA,false,,false,,,,,,,,https://www.google.com/maps?q=REDE%20HG%20COMBUSTIVEIS%20LTDA.%20AVENIDA%20RIO%2FBAHIA%2C%20%20S%2FN%20GOVERNADOR%20VALADARES%20MG,2025-10-29,ANP API v1,,85.0,13569064000400
200,POSTO GAMELEIRA LTDA,"RODOVIA RODOVIA BR 324, KM 9,5,  S/N",40301155,SALVADOR,Brazil,BR,-15.796119,-47.888252,VIBRA,false,,false,,,,,,,,https://www.google.com/maps?q=POSTO%20GAMELEIRA%20LTDA%20RODOVIA%20RODOVIA%20BR%20324%2C%20KM%209%2C5%2C%20%20S%2FN%20SALVADOR%20BA,2025-10-29,ANP API v1,,81.0,13570353000179
200,AUTO POSTO RODA VIVA DE SAO JOAO DE MERITI LTDA,"RODOVIA PRESIDENTE DUTRA,  S/N",25545420,SAO JOAO DE MERITI,Brazil,BR,-14.857959,-40.849224,IPIRANGA,true,,false,,,,,,,,https://www.google.com/maps?q=AUTO%20POSTO%20RODA%20VIVA%20DE%20SAO%20JOAO%20DE%20MERITI%20LTDA%20RODOVIA%20PRESIDENTE%20DUTRA%2C%20%20S%2FN%20SAO%20JOAO%20DE%20MERITI%20RJ,2025-10-29,ANP API v1,,100.0,30243299000176
200,POSTO DE COMBUSTIVEIS RODOVIARIA LTDA.,"AVENIDA ANTONIO CARLOS MAGALHAES,  4222",41800700,SALVADOR,Brazil,BR,-11.57167,-37.769407,VIBRA,false,,false,,,,,,,,https://www.google.com/maps?q=POSTO%20DE%20COMBUSTIVEIS%20RODOVIARIA%20LTDA.%20AVENIDA%20ANTONIO%20CARLOS%20MAGALHAES%2C%20%204222%20SALVADOR%20BA,2025-10-29,ANP API v1,,86.0,30407533000153
200,ITAPAGIPE COMERCIO DE COMBUSTIVEIS LTDA,"VIA CIA AEROPORTO,  S/N",43700000,SIMOES FILHO,Brazil,BR,-20.24081,-40.273537,LARCO,false,,false,,,,,,,,https://www.google.com/maps?q=ITAPAGIPE%20COMERCIO%20DE%20COMBUSTIVEIS%20LTDA%20VIA%20CIA%20AEROPORTO%2C%20%20S%2FN%20SIMOES%20FILHO%20BA,2025-10-29,ANP API v1,,86.0,26220463000152
200,CENTRO DE SERVICOS FRANGO ASSADO -NORTE LTDA,"RODOVIA PRESIDENTE DUTRA,  S/N",12321520,JACAREI,Brazil,BR,-14.857959,-40.849224,RAIZEN,false,,false,,,,,,,,https://www.google.com/maps?q=CENTRO%20DE%20SERVICOS%20FRANGO%20ASSADO%20-NORTE%20LTDA%20RODOVIA%20PRESIDENTE%20DUTRA%2C%20%20S%2FN%20JACAREI%20SP,2025-10-29,ANP API v1,,86.0,02896671000884
200,AUTO POSTO GIGANTE DA DUTRA LTDA,"RODOVIA PRESIDENTE DUTRA,  191",26377180,QUEIMADOS,Brazil,BR,-22.762643,-43.415826,RAIZEN,false,,false,,,,,,,,https://www.google.com/maps?q=AUTO%20POSTO%20GIGANTE%20DA%20DUTRA%20LTDA%20RODOVIA%20PRESIDENTE%20DUTRA%2C%20%20191%20QUEIMADOS%20RJ,2025-10-29,ANP API v1,,86.0,26410927000193
200,AMAZON EMPREENDIMENTOS LTDA,"AVENIDA TORQUATO TAPAJOS,  7070",69093415,MANAUS,Brazil,BR,-3.015993,-60.028944,EQUADOR,false,,false,,,,,,,,https://www.google.com/maps?q=AMAZON%20EMPREENDIMENTOS%20LTDA%20AVENIDA%20TORQUATO%20TAPAJOS%2C%20%207070%20MANAUS%20AM,2025-10-29,ANP API v1,,86.0,19470625000145
200,POSTO DE GASOLINA GIGANTE DA WASHINGTON LUIZ LTDA,"RODOVIA WASHINGTON LUIZ,  S/N",25225015,DUQUE DE CAXIAS,Brazil,BR,38.90253,-77.039386,BANDEIRA BRANCA,false,,false,,,,,,,,https://www.google.com/maps?q=POSTO%20DE%20GASOLINA%20GIGANTE%20DA%20WASHINGTON%20LUIZ%20LTDA%20RODOVIA%20WASHINGTON%20LUIZ%2C%20%20S%2FN%20DUQUE%20DE%20CAXIAS%20RJ,2025-10-29,ANP API v1,,86.0,30961525000154
200,COMERCIAL BUFFON COMBUSTIVEIS E TRANSPORTES LIMITADA,"ESTRADA BR 101,  5450",95560000,TORRES,Brazil,BR,-31.83344,-51.749915,VIBRA,false,,false,,,,,,,,https://www.google.com/maps?q=COMERCIAL%20BUFFON%20COMBUSTIVEIS%20E%20TRANSPORTES%20LIMITADA%20ESTRADA%20BR%20101%2C%20%205450%20TORRES%20RS,2025-10-29,ANP API v1,,86.0,93489243009849
200,COMERCIAL BUFFON COMBUSTIVEIS E TRANSPORTES LIMITADA,"RODOVIA BR 101,  6147",88380000,BALNEARIO PICARRAS,Brazil,BR,-6.689753,-35.115123,IPIRANGA,false,,false,,,,,,,,https://www.google.com/maps?q=COMERCIAL%20BUFFON%20COMBUSTIVEIS%20E%20TRANSPORTES%20LIMITADA%20RODOVIA%20BR%20101%2C%20%206147%20BALNEARIO%20PICARRAS%20SC,2025-10-29,ANP API v1,,84.0,93489243008877
200,POSTO MIME S.A.,"RODOVIA BR 280,  12726",89270000,GUARAMIRIM,Brazil,BR,-26.475358,-48.991882,RAIZEN MIME,false,,false,,,,,,,,https://www.google.com/maps?q=POSTO%20MIME%20S.A.%20RODOVIA%20BR%20280%2C%20%2012726%20GUARAMIRIM%20SC,2025-10-29,ANP API v1,,81.0,83488882004877
200,AUTO POSTO TUBARÃO LTDA,"RODOVIA REGIS BITENCOURT,  1530",6753420,TABOAO DA SERRA,Brazil,BR,-25.388154,-49.179702,VIBRA,false,,false,,,,,,,,https://www.google.com/maps?q=AUTO%20POSTO%20TUBAR%C3%83O%20LTDA%20RODOVIA%20REGIS%20BITENCOURT%2C%20%201530%20TABOAO%20DA%20SERRA%20SP,2025-10-29,ANP API v1,,87.0,45828699000110
200,POSTO DE COMBUSTIVEIS SAO MARCOS GRAVATAL LTDA,"RODOVIA SC 370,  SN",88735000,GRAVATAL,Brazil,BR,-28.47761,-49.007312,VIBRA,false,,false,,,,,,,,https://www.google.com/maps?q=POSTO%20DE%20COMBUSTIVEIS%20SAO%20MARCOS%20GRAVATAL%20LTDA%20RODOVIA%20SC%20370%2C%20%20SN%20GRAVATAL%20SC,2025-10-29,ANP API v1,,87.0,28162958000106
200,A. ANGELONI & CIA. LTDA,"RODOVIA BR 101,  S/N",88210000,PORTO BELO,Brazil,BR,-22.56636,-55.68964,BANDEIRA BRANCA,false,,false,,,,,,,,https://www.google.com/maps?q=A.%20ANGELONI%20%26%20CIA.%20LTDA%20RODOVIA%20BR%20101%2C%20%20S%2FN%20PORTO%20BELO%20SC,2025-10-29,ANP API v1,,87.0,83646984007031
200,SIM REDE DE POSTOS LTDA,"RODOVIA ERS-130,  2285",95912000,LAJEADO,Brazil,BR,-29.448861,-51.975311,CHARRUA,false,,false,,,,,,,,https://www.google.com/maps?q=SIM%20REDE%20DE%20POSTOS%20LTDA%20RODOVIA%20ERS-130%2C%20%202285%20LAJEADO%20RS,2025-10-29,ANP API v1,,86.0,07473735018714
200,COMERCIAL BUFFON COMBUSTIVEIS E TRANSPORTES LIMITADA," BR-116   KM-286,  S/N",92990000,ELDORADO DO SUL,Brazil,BR,-15.796119,-47.888252,IPIRANGA,false,,false,,,,,,,,https://www.google.com/maps?q=COMERCIAL%20BUFFON%20COMBUSTIVEIS%20E%20TRANSPORTES%20LIMITADA%20%20BR-116%20%20%20KM-286%2C%20%20S%2FN%20ELDORADO%20DO%20SUL%20RS,2025-10-29,ANP API v1,,86.0,93489243000540
200,CEMOPEL CM PETROLEO LTDA,"RODOVIA BR 101 SUL,  2220",54505000,CABO DE SANTO AGOSTINHO,Brazil,BR,-8.235254,-34.980604,RAIZEN,false,,false,,,,,,,,https://www.google.com/maps?q=CEMOPEL%20CM%20PETROLEO%20LTDA%20RODOVIA%20BR%20101%20SUL%2C%20%202220%20CABO%20DE%20SANTO%20AGOSTINHO%20PE,2025-10-29,ANP API v1,,86.0,69943686000584
200,COMERCIAL SULINA DE DERIVADOS DE PETROLEO LTDA,"RODOVIA BR 116 KM 252,  1826",93210000,SAPUCAIA DO SUL,Brazil,BR,-22.361946,-42.941554,RAIZEN,false,,false,,,,,,,,https://www.google.com/maps?q=COMERCIAL%20SULINA%20DE%20DERIVADOS%20DE%20PETROLEO%20LTDA%20RODOVIA%20BR%20116%20KM%20252%2C%20%201826%20SAPUCAIA%20DO%20SUL%20RS,2025-10-29,ANP API v1,,86.0,88181615000102
200,POSTO PINHEIRINHO DE RESENDE LTDA,"RODOVIA PRESIDENTE DUTRA,  2300",27537000,RESENDE,Brazil,BR,-22.808266,-43.338541,IPIRANGA,false,,false,,,,,,,,https://www.google.com/maps?q=POSTO%20PINHEIRINHO%20DE%20RESENDE%20LTDA%20RODOVIA%20PRESIDENTE%20DUTRA%2C%20%202300%20RESENDE%20RJ,2025-10-29,ANP API v1,,86.0,00854639000134
200,POSTO BANDEIRA BRANCA COMERCIO DE COMBUSTIVEIS LTDA,"RODOVIA BR-222 KM 19, S/N,  23000",61616992,CAUCAIA,Brazil,BR,-4.319637,-47.805819,IPIRANGA,false,,false,,,,,,,,https://www.google.com/maps?q=POSTO%20BANDEIRA%20BRANCA%20COMERCIO%20DE%20COMBUSTIVEIS%20LTDA%20RODOVIA%20BR-222%20KM%2019%2C%20S%2FN%2C%20%2023000%20CAUCAIA%20CE,2025-10-29,ANP API v1,,86.0,05613385000186
200,COMERCIAL BUFFON COMBUSTIVEIS E TRANSPORTES LIMITADA,"RODOVIA BR 116 KM 289,  SN",92990000,ELDORADO DO SUL,Brazil,BR,-22.362054,-42.941615,IPIRANGA,false,,false,,,,,,,,https://www.google.com/maps?q=COMERCIAL%20BUFFON%20COMBUSTIVEIS%20E%20TRANSPORTES%20LIMITADA%20RODOVIA%20BR%20116%20KM%20289%2C%20%20SN%20ELDORADO%20DO%20SUL%20RS,2025-10-29,ANP API v1,,84.0,93489243000620
200,J. PACHECO E FILHOS LTDA," RS 401 KM 16,  SN",96745000,CHARQUEADAS,Brazil,BR,-29.01417,-53.734236,BANDEIRA BRANCA,false,,false,,,,,,,,https://www.google.com/maps?q=J.%20PACHECO%20E%20FILHOS%20LTDA%20%20RS%20401%20KM%2016%2C%20%20SN%20CHARQUEADAS%20RS,2025-10-29,ANP API v1,,84.0,93648517000172
200,AUTO POSTO RINCAO LTDA,"RODOVIA BR 101, KM 381,  919",88820000,ICARA,Brazil,BR,-8.22748,-36.361136,IPIRANGA,false,,false,,,,,,,,https://www.google.com/maps?q=AUTO%20POSTO%20RINCAO%20LTDA%20RODOVIA%20BR%20101%2C%20KM%20381%2C%20%20919%20ICARA%20SC,2025-10-29,ANP API v1,,83.0,79930681000147
200,AUTO POSTO CABECUDAS LTDA,"RODOVIA BR 101,  SN",88790000,LAGUNA,Brazil,BR,-8.22748,-36.361136,IPIRANGA,false,,false,,,,,,,,https://www.google.com/maps?q=AUTO%20POSTO%20CABECUDAS%20LTDA%20RODOVIA%20BR%20101%2C%20%20SN%20LAGUNA%20SC,2025-10-29,ANP API v1,,82.0,82540576000106
200,POSTO DE GASOLINA JB CAXIAS LTDA,"RODOVIA WASHINGTON LUIS,  14689",25250000,DUQUE DE CAXIAS,Brazil,BR,-22.464628,-43.223035,RAIZEN,true,,false,,,,,,,,https://www.google.com/maps?q=POSTO%20DE%20GASOLINA%20JB%20CAXIAS%20LTDA%20RODOVIA%20WASHINGTON%20LUIS%2C%20%2014689%20DUQUE%20DE%20CAXIAS%20RJ,2025-10-29,ANP API v1,,100.0,08064380000130
200,CPD ENERGETICOS E DERIVADOS DE PETROLEO LTDA.,"RODOVIA BR 101, KM 110,5,  S/N",48010970,ALAGOINHAS,Brazil,BR,-8.22748,-36.361136,VIBRA,false,,false,,,,,,,,https://www.google.com/maps?q=CPD%20ENERGETICOS%20E%20DERIVADOS%20DE%20PETROLEO%20LTDA.%20RODOVIA%20BR%20101%2C%20KM%20110%2C5%2C%20%20S%2FN%20ALAGOINHAS%20BA,2025-10-29,ANP API v1,,88.0,08359486000160
200,VIEIRA & RABELO LTDA,"RODOVIA ROD MARGEM DA PE 75, KM 01,  S/N",55900000,GOIANA,Brazil,BR,-8.426177,-38.160166,BANDEIRA BRANCA,false,,false,,,,,,,,https://www.google.com/maps?q=VIEIRA%20%26%20RABELO%20LTDA%20RODOVIA%20ROD%20MARGEM%20DA%20PE%2075%2C%20KM%2001%2C%20%20S%2FN%20GOIANA%20PE,2025-10-29,ANP API v1,,88.0,05822300000170
200,POSTO GARCIA DE CAMPINAS LTDA,"RODOVIA ANHANGUERA,  S/N",13063000,CAMPINAS,Brazil,BR,-16.05593,-45.142527,RAIZEN,false,,false,,,,,,,,https://www.google.com/maps?q=POSTO%20GARCIA%20DE%20CAMPINAS%20LTDA%20RODOVIA%20ANHANGUERA%2C%20%20S%2FN%20CAMPINAS%20SP,2025-10-29,ANP API v1,,87.0,07017009000154
200,CAUIPE REVENDEDORA DE PETROLEO LTDA,"RODOVIA BR 116 KM 10.4,  S/N",60842395,FORTALEZA,Brazil,BR,-3.965528,-38.515214,VIBRA,false,,false,,,,,,,,https://www.google.com/maps?q=CAUIPE%20REVENDEDORA%20DE%20PETROLEO%20LTDA%20RODOVIA%20BR%20116%20KM%2010.4%2C%20%20S%2FN%20FORTALEZA%20CE,2025-10-29,ANP API v1,,87.0,35075597000460
200,POSTO DE ABASTECIMENTO VITORIA 040 LTDA.,"ESTRADA BR 040,  KM82,9",25665091,PETROPOLIS,Brazil,BR,-11.263751,-44.66409,RAIZEN,false,,false,,,,,,,,https://www.google.com/maps?q=POSTO%20DE%20ABASTECIMENTO%20VITORIA%20040%20LTDA.%20ESTRADA%20BR%20040%2C%20%20KM82%2C9%20PETROPOLIS%20RJ,2025-10-29,ANP API v1,,86.0,07570135000131
200,RODOPOSTO TURMALINA LTDA,"RODOVIA ANHANGUERA,  S/N",13490000,CORDEIROPOLIS,Brazil,BR,-16.05593,-45.142527,BANDEIRA BRANCA,false,,false,,,,,,,,https://www.google.com/maps?q=RODOPOSTO%20TURMALINA%20LTDA%20RODOVIA%20ANHANGUERA%2C%20%20S%2FN%20CORDEIROPOLIS%20SP,2025-10-29,ANP API v1,,86.0,05122863000155
200,AUTO POSTO VIADUTO LTDA,"RODOVIA BR 282 - KM 05,  S/N",88130005,PALHOCA,Brazil,BR,-22.56636,-55.68964,IPIRANGA,false,,false,,,,,,,,https://www.google.com/maps?q=AUTO%20POSTO%20VIADUTO%20LTDA%20RODOVIA%20BR%20282%20-%20KM%2005%2C%20%20S%2FN%20PALHOCA%20SC,2025-10-29,ANP API v1,,86.0,04308884000369
200,POSTO JP MOSSORO LTDA,"AVENIDA WILSON ROSADO DE SA,  2000",59607045,MOSSORO,Brazil,BR,-19.876705,-43.921154,VIBRA,false,,false,,,,,,,,https://www.google.com/maps?q=POSTO%20JP%20MOSSORO%20LTDA%20AVENIDA%20WILSON%20ROSADO%20DE%20SA%2C%20%202000%20MOSSORO%20RN,2025-10-29,ANP API v1,,86.0,04899438000104
200,DORIA & SARMENTO COMÉRCIO DE COMBUSTÍVEIS LTDA - EPP.,"RODOVIA BR 316,  S/N",57690000,ATALAIA,Brazil,BR,-22.56636,-55.68964,VIBRA,false,,false,,,,,,,,https://www.google.com/maps?q=DORIA%20%26%20SARMENTO%20COM%C3%89RCIO%20DE%20COMBUST%C3%8DVEIS%20LTDA%20-%20EPP.%20RODOVIA%20BR%20316%2C%20%20S%2FN%20ATALAIA%20AL,2025-10-29,ANP API v1,,86.0,07150975000145
200,MOTOCAP COMBUSTIVEIS LTDA,"RODOVIA GETHER LOPES DE FARIAS,  2600",29705390,COLATINA,Brazil,BR,-19.487989,-40.673861,VIBRA,false,,false,,,,,,,,https://www.google.com/maps?q=MOTOCAP%20COMBUSTIVEIS%20LTDA%20RODOVIA%20GETHER%20LOPES%20DE%20FARIAS%2C%20%202600%20COLATINA%20ES,2025-10-29,ANP API v1,,86.0,05791319000104
200,AUTO POSTO GIROMANILHA LTDA,"RODOVIA BR 101,  SN",24800001,ITABORAI,Brazil,BR,-8.22748,-36.361136,BANDEIRA BRANCA,false,,false,,,,,,,,https://www.google.com/maps?q=AUTO%20POSTO%20GIROMANILHA%20LTDA%20RODOVIA%20BR%20101%2C%20%20SN%20ITABORAI%20RJ,2025-10-29,ANP API v1,,85.0,06095466000102
200,MOTOGAS INDUSTRIA DE COMPRESSAO E COMERCIO DE GAS NATURAL LTDA," BR 230 KM 293,  S/N",58706500,PATOS,Brazil,BR,-15.796119,-47.888252,BANDEIRA BRANCA,false,,false,,,,,,,,https://www.google.com/maps?q=MOTOGAS%20INDUSTRIA%20DE%20COMPRESSAO%20E%20COMERCIO%20DE%20GAS%20NATURAL%20LTDA%20%20BR%20230%20KM%20293%2C%20%20S%2FN%20PATOS%20PB,2025-10-29,ANP API v1,,82.0,01420327000509
200,AUTO POSTO NIENKOTTER LTDA,"RODOVIA BR 101 KM 210,  S/N",88104800,SAO JOSE,Brazil,BR,-22.56636,-55.68964,VIBRA,false,,false,,,,,,,,https://www.google.com/maps?q=AUTO%20POSTO%20NIENKOTTER%20LTDA%20RODOVIA%20BR%20101%20KM%20210%2C%20%20S%2FN%20SAO%20JOSE%20SC,2025-10-29,ANP API v1,,82.0,75459461000550
200,POSTO KALILANDIA LTDA,"RODOVIA BR 324,  S/N",43700000,SIMOES FILHO,Brazil,BR,-8.227145,-36.359906,VIBRA,false,,false,,,,,,,,https://www.google.com/maps?q=POSTO%20KALILANDIA%20LTDA%20RODOVIA%20BR%20324%2C%20%20S%2FN%20SIMOES%20FILHO%20BA,2025-10-29,ANP API v1,,82.0,15151046001827
200,SIM REDE DE POSTOS LTDA,"RODOVIA BR 101,  4850-A",88317000,ITAJAI,Brazil,BR,-7.901929,-34.901774,BANDEIRA BRANCA,false,,false,,,,,,,,https://www.google.com/maps?q=SIM%20REDE%20DE%20POSTOS%20LTDA%20RODOVIA%20BR%20101%2C%20%204850-A%20ITAJAI%20SC,2025-10-29,ANP API v1,,89.0,07473735007356
200,POSTO DE GNV SERVAUTO II LTDA,"RODOVIA PRESIDENTE DUTRA BR 116,  2560",26031000,NOVA IGUACU,Brazil,BR,-23.204691,-45.883594,BANDEIRA BRANCA,false,,false,,,,,,,,https://www.google.com/maps?q=POSTO%20DE%20GNV%20SERVAUTO%20II%20LTDA%20RODOVIA%20PRESIDENTE%20DUTRA%20BR%20116%2C%20%202560%20NOVA%20IGUACU%20RJ,2025-10-29,ANP API v1,,88.0,10371066000141
200,EXCLUSIVO POSTO E SERVICOS LTDA,"RUA CRUZEIRO DO SUL,  901",24430620,SAO GONCALO,Brazil,BR,-3.717627,-38.56283,VIBRA,false,,false,,,,,,,,https://www.google.com/maps?q=EXCLUSIVO%20POSTO%20E%20SERVICOS%20LTDA%20RUA%20CRUZEIRO%20DO%20SUL%2C%20%20901%20SAO%20GONCALO%20RJ,2025-10-29,ANP API v1,,87.0,07048271000166
200,POSTO E TRANSPORTADORA DOTH LTDA," BR 304 KM 47,  SN",62800000,ARACATI,Brazil,BR,-15.796119,-47.888252,VIBRA,false,,false,,,,,,,,https://www.google.com/maps?q=POSTO%20E%20TRANSPORTADORA%20DOTH%20LTDA%20%20BR%20304%20KM%2047%2C%20%20SN%20ARACATI%20CE,2025-10-29,ANP API v1,,86.0,00894481000630
200,SODIC SOCIEDADE REVENDEDORA DE COMBUSTIVEIS LTDA,"RODOVIA BA 526,  S/N",41505220,SALVADOR,Brazil,BR,-12.85614,-38.362667,VIBRA,false,,false,,,,,,,,https://www.google.com/maps?q=SODIC%20SOCIEDADE%20REVENDEDORA%20DE%20COMBUSTIVEIS%20LTDA%20RODOVIA%20BA%20526%2C%20%20S%2FN%20SALVADOR%20BA,2025-10-29,ANP API v1,,86.0,15847874001047
200,POSTO GUGLIELMI LTDA.,"RODOVIA SC 443,  S/N",88830000,MORRO DA FUMACA,Brazil,BR,-28.63959,-49.11377,VIBRA,false,,false,,,,,,,,https://www.google.com/maps?q=POSTO%20GUGLIELMI%20LTDA.%20RODOVIA%20SC%20443%2C%20%20S%2FN%20MORRO%20DA%20FUMACA%20SC,2025-10-29,ANP API v1,,84.0,06816506000150
200,POSTO MONTE BELO VII COMERCIO DE COMBUSTIVEIS LTDA,"RODOVIA BR 304,  1010",59280000,MACAIBA,Brazil,BR,-5.873183,-35.316904,VIBRA,false,,false,,,,,,,,https://www.google.com/maps?q=POSTO%20MONTE%20BELO%20VII%20COMERCIO%20DE%20COMBUSTIVEIS%20LTDA%20RODOVIA%20BR%20304%2C%20%201010%20MACAIBA%20RN,2025-10-29,ANP API v1,,87.0,23636359000155
200,AUTO POSTO LUAR DA RIO SANTOS II LTDA,"ESTRADA DO GUANDU ESQ.C/  BR 101,  SN",23560150,RIO DE JANEIRO,Brazil,BR,-15.796119,-47.888252,RAIZEN,false,,false,,,,,,,,https://www.google.com/maps?q=AUTO%20POSTO%20LUAR%20DA%20RIO%20SANTOS%20II%20LTDA%20ESTRADA%20DO%20GUANDU%20ESQ.C%2F%20%20BR%20101%2C%20%20SN%20RIO%20DE%20JANEIRO%20RJ,2025-10-29,ANP API v1,,86.0,11217808000141
200,POSTO ANGICAL COMERCIO DE COMBUSTIVEIS E LUBRIFICANTES LTDA,"RODOVIA RODOVIA BR 324, KM 537,  S/N",44230000,AMELIA RODRIGUES,Brazil,BR,-15.796119,-47.888252,LARCO,false,,false,,,,,,,,https://www.google.com/maps?q=POSTO%20ANGICAL%20COMERCIO%20DE%20COMBUSTIVEIS%20E%20LUBRIFICANTES%20LTDA%20RODOVIA%20RODOVIA%20BR%20324%2C%20KM%20537%2C%20%20S%2FN%20AMELIA%20RODRIGUES%20BA,2025-10-29,ANP API v1,,86.0,13803355000160
200,ROTA DERIVADOS DE PETROLEO LTDA,"RODOVIA PE009,  S/N",55590000,IPOJUCA,Brazil,BR,-16.05593,-45.142527,RAIZEN,false,,false,,,,,,,,https://www.google.com/maps?q=ROTA%20DERIVADOS%20DE%20PETROLEO%20LTDA%20RODOVIA%20PE009%2C%20%20S%2FN%20IPOJUCA%20PE,2025-10-29,ANP API v1,,86.0,21511490000160
200,REDE HG COMBUSTIVEIS LTDA.,"RODOVIA BR-324,  S/N",41311266,SALVADOR,Brazil,BR,-22.56636,-55.68964,RAIZEN,false,,false,,,,,,,,https://www.google.com/maps?q=REDE%20HG%20COMBUSTIVEIS%20LTDA.%20RODOVIA%20BR-324%2C%20%20S%2FN%20SALVADOR%20BA,2025-10-29,ANP API v1,,87.0,13569064004066
200,ECO POSTO CAXIAS COMBUSTIVEIS LTDA.,"RODOVIA WASHINGTON LUIZ,  12000",25200000,DUQUE DE CAXIAS,Brazil,BR,-22.394066,-43.134158,RAIZEN,false,,false,,,,,,,,https://www.google.com/maps?q=ECO%20POSTO%20CAXIAS%20COMBUSTIVEIS%20LTDA.%20RODOVIA%20WASHINGTON%20LUIZ%2C%20%2012000%20DUQUE%20DE%20CAXIAS%20RJ,2025-10-29,ANP API v1,,86.0,21642192000100
200,PETROX COMERCIAL LTDA,"RODOVIA BR 235,  S/N",49160000,NOSSA SENHORA DO SOCORRO,Brazil,BR,-22.56636,-55.68964,PETROX DISTRIBUIDORA,false,,false,,,,,,,,https://www.google.com/maps?q=PETROX%20COMERCIAL%20LTDA%20RODOVIA%20BR%20235%2C%20%20S%2FN%20NOSSA%20SENHORA%20DO%20SOCORRO%20SE,2025-10-29,ANP API v1,,86.0,05297480000460
