status;site_name;street;zip_code;city;country;country_code;uf;latitude;longitude;operator;verified_for_trucks;green_certified;lots_partner;restrooms;food;wifi;card_terminal;truck_parking;showers;truck_wash;google_maps_url;date_when_added_to_list;source;comments;accuracy_score;identification_document
200;AUTO POSTO CAMPOMAR LTDA;RODOVIA AMARAL PEIXOTO,  SN;28890001;RIO DAS OSTRAS;Brazil;BR;RJ;;;BANDEIRA BRANCA;true;;false;;;;;;;;;2025-10-30;ANP API v1;;89;02968516000150
200;AUTO POSTO ESPACIAL LTDA;RODOVIA ROD BR 304, KM 295, DIST. IND. IV - DIM IV,  S/N;59286400;MACAIBA;Brazil;BR;RN;;;ALE;true;;false;;;;;;;;;2025-10-30;ANP API v1;;87;24187833000171
200;POSTO MONTE BELO II - COMERCIO DE COMBUSTIVEIS LTDA;" BR 304, KM 05  - QUADRA  - R,  S/N";59280000;MACAIBA;Brazil;BR;RN;;;VIBRA;true;;false;;;;;;;;;2025-10-30;ANP API v1;;86;04069473000104
200;POSTO DE GASOLINA RENAZA DE MAGE LTDA;RODOVIA RIO-TERESOPOLIS,  16.886;25900001;MAGE;Brazil;BR;RJ;;;BANDEIRA BRANCA;true;;false;;;;;;;;;2025-10-30;ANP API v1;;86;03381699000175
200;POSTOS EMAUS COMERCIO E SERVICOS LTDA;RODOVIA BR 101,  1999;59150000;PARNAMIRIM;Brazil;BR;RN;;;ALE;true;;false;;;;;;;;;2025-10-30;ANP API v1;;86;03979385000179
200;POSTO PONTA D AGUA LTDA;ESTRADA AMARAL PEIXOTO,  S/N;28940090;SAO PEDRO DA ALDEIA;Brazil;BR;RJ;;;IPIRANGA;true;;false;;;;;;;;;2025-10-30;ANP API v1;;86;03242460000114
200;COMERCIAL MINAS GRILL LTDA.;RODOVIA BR 381,  S/N;37264000;RIBEIRAO VERMELHO;Brazil;BR;MG;;;BANDEIRA BRANCA;true;;false;;;;;;;;;2025-10-30;ANP API v1;;86;02553038000117
200;POSTO UIRAPURU LTDA;RODOVIA RODOVIA JUIZ DE FORA/UBA, S/N, KM 103,  S/N;36500000;UBA;Brazil;BR;MG;;;BANDEIRA BRANCA;true;;false;;;;;;;;;2025-10-30;ANP API v1;;86;17759721000182
200;POSTO, RESTAURANTE E LANCHONETE FR BRANCO LTDA;RODOVIA BR 101,  S/N;24800000;ITABORAI;Brazil;BR;RJ;;;VIBRA;true;;false;;;;;;;;;2025-10-30;ANP API v1;;86;04587577000100
200;MOTOGAS INDUSTRIA DE COMPRESSAO E COMERCIO DE GAS NATURAL LTDA;" LOC  BR 230 KM 31,  S/N";58309602;BAYEUX;Brazil;BR;PB;;;BANDEIRA BRANCA;true;;false;;;;;;;;;2025-10-30;ANP API v1;;86;01420327000185
200;POSTO MARACAJA LTDA;RODOVIA PE 90,  S/N;55750000;SURUBIM;Brazil;BR;PE;;;BANDEIRA BRANCA;true;;false;;;;;;;;;2025-10-30;ANP API v1;;86;24336166000141
200;POSTO LAGOMAR DE MACAE LTDA;RODOVIA RJ-106 KM 184 ROD.AMARAL PEIXOTO,  S/N;27970020;MACAE;Brazil;BR;RJ;;;VIBRA;true;;false;;;;;;;;;2025-10-30;ANP API v1;;85;02453614000154
200;POSTO KM 13 DA DUTRA LTDA;RODOVIA PRESIDENTE DUTRA,  13006;26010003;NOVA IGUACU;Brazil;BR;RJ;;;IPIRANGA;true;;false;;;;;;;;;2025-10-30;ANP API v1;;82;00118442000137
200;AUTO POSTO REPUBLICA JULIANA LTDA;RODOVIA SC 436,  SN;88790000;LAGUNA;Brazil;BR;SC;;;BANDEIRA BRANCA;true;;false;;;;;;;;;2025-10-30;ANP API v1;;81;95788949000104
200;AUTO POSTO MATE AMARGO LTDA;RODOVIA PRESIDENTE DUTRA,  SN;27534010;RESENDE;Brazil;BR;RJ;;;RAIZEN;true;;false;;;;;;;;;2025-10-30;ANP API v1;;100;29178001000102
200;AUTO POSTO AMIZADE LTDA;RODOVIA BR 232,  S/N;55150000;BELO JARDIM;Brazil;BR;PE;;;BANDEIRA BRANCA;true;;false;;;;;;;;;2025-10-30;ANP API v1;;87;24092009000138
200;POSTO PONTE ACU LTDA;RODOVIA BR 101 KM 112,  SN;88375000;NAVEGANTES;Brazil;BR;SC;;;BANDEIRA BRANCA;true;;false;;;;;;;;;2025-10-30;ANP API v1;;87;84311190000158
200;POSTO PARQUE DO BOSQUE LTDA.;RODOVIA BR-376,  24123;83090650;SAO JOSE DOS PINHAIS;Brazil;BR;PR;;;POTENCIAL;true;;false;;;;;;;;;2025-10-30;ANP API v1;;86;02505963000172
200;PETROCAL PETROLEO CAVALCANTI LIMITADA;RODOVIA BR 232 KM 37/38,  S/N;55602000;VITORIA DE SANTO ANTAO;Brazil;BR;PE;;;VIBRA;true;;false;;;;;;;;;2025-10-30;ANP API v1;;86;12781233000824
200;POSTO ABREU DOIS LTDA;RODOVIA BR 101 KM 303,  S/N;24461000;SAO GONCALO;Brazil;BR;RJ;;;RAIZEN;true;;false;;;;;;;;;2025-10-30;ANP API v1;;86;04991379000108
200;POSTO FAZENDA BOSQUE ENCANTADO LTDA;ESTRADA SERRA MAR,  S/N;28890001;RIO DAS OSTRAS;Brazil;BR;RJ;;;RAIZEN;true;;false;;;;;;;;;2025-10-30;ANP API v1;;86;02836446000186
200;GERANIUS POSTO DE SERVICOS E ARTEZANATOS LTDA;RODOVIA GOVERNADOR MARIO COVAS,  S/N;24809234;ITABORAI;Brazil;BR;RJ;;;IPIRANGA;true;;false;;;;;;;;;2025-10-30;ANP API v1;;86;28218741000162
200;TAPAJOS PRODUTOS DE PETROLEO LTDA;RODOVIA BR 408,  S/N;55800000;NAZARE DA MATA;Brazil;BR;PE;;;RAIZEN;true;;false;;;;;;;;;2025-10-30;ANP API v1;;86;08035784000103
200;PETROCAL PETROLEO CAVALCANTI LIMITADA;RODOVIA BR 101 SUL,  S/N;50790900;RECIFE;Brazil;BR;PE;;;VIBRA;true;;false;;;;;;;;;2025-10-30;ANP API v1;;86;12781233000310
200;POSTO RIO SAO PAULO LTDA;RODOVIA PRESIDENTE DUTRA,  5130;25565350;SAO JOAO DE MERITI;Brazil;BR;RJ;;;RAIZEN;true;;false;;;;;;;;;2025-10-30;ANP API v1;;86;31918576000166
200;COMERCIO DE COMBUSTIVEIS NEVOEIRO LTDA;RODOVIA RST 287 KM 100,  S/N;96815790;SANTA CRUZ DO SUL;Brazil;BR;RS;;;VIBRA;true;;false;;;;;;;;;2025-10-30;ANP API v1;;86;95425369000314
200;POSTO PINHEIRO LTDA;RODOVIA BR-116,  15800;95059520;CAXIAS DO SUL;Brazil;BR;RS;;;BANDEIRA BRANCA;true;;false;;;;;;;;;2025-10-30;ANP API v1;;86;88621073000141
200;POSTO TRIANGULO LTDA;RODOVIA BR 101,  S N;29176798;SERRA;Brazil;BR;ES;;;BANDEIRA BRANCA;true;;false;;;;;;;;;2025-10-30;ANP API v1;;86;27023308000109
200;POSTO OLIVEIRA LTDA;ESTRADA BR 101,  49 50;28800000;RIO BONITO;Brazil;BR;RJ;;;RAIZEN;true;;false;;;;;;;;;2025-10-30;ANP API v1;;86;28621019000174
200;AUTO POSTO CARRETEIRO LTDA;RODOVIA BR 232,  S/N;55630000;POMBOS;Brazil;BR;PE;;;VIBRA;true;;false;;;;;;;;;2025-10-30;ANP API v1;;86;00462284000138
200;SOBRAL & PALACIO PETROLEO LTDA;RODOVIA DOUTOR MENDEL STEINBRUCH,  3800;61925660;MARACANAU;Brazil;BR;CE;;;RAIZEN;true;;false;;;;;;;;;2025-10-30;ANP API v1;;86;07240641002025
200;AUTO POSTO ARACAS LTDA;RODOVIA DARLY SANTOS,  S/N;29104360;VILA VELHA;Brazil;BR;ES;;;BANDEIRA BRANCA;true;;false;;;;;;;;;2025-10-30;ANP API v1;;86;30564108000178
200;AUTO POSTO REDE ENERGIA UM LTDA;RODOVIA WASHINGTON LUIZ,,  14040;25230005;DUQUE DE CAXIAS;Brazil;BR;RJ;;;BANDEIRA BRANCA;true;;false;;;;;;;;;2025-10-30;ANP API v1;;85;09036231000120
200;POSTO PLANALTO LTDA;RODOVIA BR 101 KM 360,  S/N;88717000;SANGAO;Brazil;BR;SC;;;IPIRANGA;true;;false;;;;;;;;;2025-10-30;ANP API v1;;81;83467357000101
200;AUTO POSTO TREVO DE PRAIA SECA LTDA;RODOVIA AMARAL PEIXOTO,  76.600;28993975;SAQUAREMA;Brazil;BR;RJ;;;VIBRA;true;;false;;;;;;;;;2025-10-30;ANP API v1;;87;04701270000180
200;CDA EMPREENDIMENTOS LTDA;RODOVIA BR 104 AL. KM 86,  SN;57100000;RIO LARGO;Brazil;BR;AL;;;VIBRA;true;;false;;;;;;;;;2025-10-30;ANP API v1;;86;12486809000405
200;PLANALTO COMERCIO DE COMBUSTIVEIS E LUBRIFICANTES LTDA;RODOVIA BR 230 KM 41,  S/N;58301645;SANTA RITA;Brazil;BR;PB;;;BANDEIRA BRANCA;true;;false;;;;;;;;;2025-10-30;ANP API v1;;86;14547859000120
200;ECORODO BR 040 COMBUSTIVEIS LTDA;RODOVIA BR 040,  SN;25725650;PETROPOLIS;Brazil;BR;RJ;;;VIBRA;true;;false;;;;;;;;;2025-10-30;ANP API v1;;86;13672382000141
200;AUTO POSTO PACHECO LTDA;RODOVIA BR-116,  22730;81690500;CURITIBA;Brazil;BR;PR;;;VIBRA;true;;false;;;;;;;;;2025-10-30;ANP API v1;;86;22310597000103
200;AUTO POSTO PINHAIS LTDA;RODOVIA DEPUTADO JOAO LEOPOLDO JACOMEL,  12351;83331330;PINHAIS;Brazil;BR;PR;;;RODOIL;true;;false;;;;;;;;;2025-10-30;ANP API v1;;86;23797796000150
200;UNIPOSTO DERIVADOS DE PETROLEO LTDA;RODOVIA ENGENHEIRO FABIANO VIVACQUA,  2114;29316258;CACHOEIRO DE ITAPEMIRIM;Brazil;BR;ES;;;VIBRA;true;;false;;;;;;;;;2025-10-30;ANP API v1;;85;39281274000131
200;POSTO MIME S.A.;RODOVIA BR 470,  1755;89080001;INDAIAL;Brazil;BR;SC;;;VIBRA;true;;false;;;;;;;;;2025-10-30;ANP API v1;;81;83488882002661
200;F. G. FRATELLI COMERCIAL DE COMBUSTIVEIS LTDA;RODOVIA LUIZ ROSSO,  1124;88803470;CRICIUMA;Brazil;BR;SC;;;BANDEIRA BRANCA;true;;false;;;;;;;;;2025-10-30;ANP API v1;;81;09517479000455
200;POSTO SIM LTDA;RODOVIA DOUTOR MENDEL STEINBRUCH,  14489;61934000;MARACANAU;Brazil;BR;CE;;;BANDEIRA BRANCA;true;;false;;;;;;;;;2025-10-30;ANP API v1;;88;04369988000545
200;POSTO MIME S.A.;RODOVIA BR 470  INGO HERING,  5555;88371890;NAVEGANTES;Brazil;BR;SC;;;RAIZEN MIME;true;;false;;;;;;;;;2025-10-30;ANP API v1;;88;83488882005504
200;CAXIAS PARQUE AUTO POSTO LTDA;RODOVIA WASHINGTON LUIZ,  1335;25085008;DUQUE DE CAXIAS;Brazil;BR;RJ;;;BANDEIRA BRANCA;true;;false;;;;;;;;;2025-10-30;ANP API v1;;87;27905921000150
200;RONI COMERCIO DE COMBUSTIVEIS LTDA;RODOVIA BR-101,  S/N;45601320;ITABUNA;Brazil;BR;BA;;;BANDEIRA BRANCA;true;;false;;;;;;;;;2025-10-30;ANP API v1;;86;22036844000125
200;AUTO POSTO LUAR DA RIO SANTOS I LTDA;ESTRADA DO GANDU ESQ C/BR101,  SN;23560150;RIO DE JANEIRO;Brazil;BR;RJ;;;RAIZEN;true;;false;;;;;;;;;2025-10-30;ANP API v1;;86;11103499000189
200;AUTO POSTO MONTEIROS DE CACHOEIRAS LTDA;RODOVIA RJ 122,  S/N;28680000;CACHOEIRAS DE MACACU;Brazil;BR;RJ;;;BANDEIRA BRANCA;true;;false;;;;;;;;;2025-10-30;ANP API v1;;86;22868306000105
200;POSTO DE GASOLINA CIDADE DO PORTO LTDA;RODOVIA RIO SANTOS,  S/N;23815550;ITAGUAI;Brazil;BR;RJ;;;RAIZEN;true;;false;;;;;;;;;2025-10-30;ANP API v1;;86;10317382000135
200;POSTO DE COMBUSTIVEIS PRIMAVERA LTDA;RODOVIA BR-116,  1780;93340215;NOVO HAMBURGO;Brazil;BR;RS;;;VIBRA;true;;false;;;;;;;;;2025-10-30;ANP API v1;;86;32293523000160
200;SUPER GNV COMERCIO E SERVICOS LTDA;RODOVIA JOAO LEOPOLDO JACOMEL,  12610;83323410;PINHAIS;Brazil;BR;PR;;;ALE;true;;false;;;;;;;;;2025-10-30;ANP API v1;;86;28964056000185
200;POSTO CAMPEAO NACIONAL LTDA;RODOVIA BR 408,  SN;55825000;PAUDALHO;Brazil;BR;PE;;;VIBRA;true;;false;;;;;;;;;2025-10-30;ANP API v1;;86;19213585000156
200;POSTO PARADA ANGELICA LTDA;AVENIDA AUTOMOVEL CLUB,  SN;25272405;DUQUE DE CAXIAS;Brazil;BR;RJ;;;RAIZEN;true;;false;;;;;;;;;2025-10-30;ANP API v1;;86;30545109000175
200;POSTO BELLAS SAO PEDRO DA ALDEIA LTDA;RODOVIA RJ 140,  S/N;28943042;SAO PEDRO DA ALDEIA;Brazil;BR;RJ;;;BANDEIRA BRANCA;true;;false;;;;;;;;;2025-10-30;ANP API v1;;86;28683355000141
200;IT COMERCIAL DE COMBUSTIVEIS DOMINGOS LTDA;RODOVIA BR 304,  2673;59513000;ITAJA;Brazil;BR;RN;;;BANDEIRA BRANCA;true;;false;;;;;;;;;2025-10-30;ANP API v1;;86;40943234000197
200;POSTO MIME S.A.;RODOVIA BR 470  INGO HERING,  S/N;88371890;NAVEGANTES;Brazil;BR;SC;;;RAIZEN MIME;true;;false;;;;;;;;;2025-10-30;ANP API v1;;84;83488882005334
200;CARRETEIRO REVENDEDOR DE PETROLEO E DERIVADOS LTDA;RODOVIA PRESIDENTE DUTRA,  S/N;7034000;GUARULHOS;Brazil;BR;SP;;;VIBRA;true;;false;;;;;;;;;2025-10-30;ANP API v1;;88;49084890000156
200;VILELA SA PETROLEO LTDA;ESTRADA RN 160,  SN;59297396;SAO GONCALO DO AMARANTE;Brazil;BR;RN;;;BANDEIRA BRANCA;true;;false;;;;;;;;;2025-10-30;ANP API v1;;87;38422657000110
200;POSTO SAPATAO COMERCIO DE COMBUSTIVEIS LTDA;RODOVIA BR-116,  7455;93351155;NOVO HAMBURGO;Brazil;BR;RS;;;RAIZEN;true;;false;;;;;;;;;2025-10-30;ANP API v1;;86;43510250000184
200;J A D ARAUJO & CIA LTDA;RODOVIA BR 232,  SN;55140000;TACAIMBO;Brazil;BR;PE;;;VIBRA;true;;false;;;;;;;;;2025-10-30;ANP API v1;;86;08072308000669
200;SIM REDE DE POSTOS LTDA;RODOVIA BR-116,  833;93270000;ESTEIO;Brazil;BR;RS;;;VIBRA;true;;false;;;;;;;;;2025-10-30;ANP API v1;;86;07473735018048
200;AUTO POSTO MATOZINHOS LTDA;RODOVIA MG 424,  SN;35720000;MATOZINHOS;Brazil;BR;MG;;;ALE;true;;false;;;;;;;;;2025-10-30;ANP API v1;;86;17284472000116
200;BARRIGAO COMERCIAL LTDA;RODOVIA BR-116, KM 594, LADO ESQUERDO,  01;36905000;MANHUACU;Brazil;BR;MG;;;BANDEIRA BRANCA;true;;false;;;;;;;;;2025-10-30;ANP API v1;;86;22265797000191
200;POSTO DE GASOLINA PRESIDENTE LTDA;RODOVIA PRESIDENTE DUTRA,  630;21240001;RIO DE JANEIRO;Brazil;BR;RJ;;;VIBRA;true;;false;;;;;;;;;2025-10-30;ANP API v1;;86;33396839000140
200;POSTO SAO CRISTOVAO LTDA;RODOVIA WASHINGTON LUIZ,  14450;25055009;DUQUE DE CAXIAS;Brazil;BR;RJ;;;IPIRANGA;true;;false;;;;;;;;;2025-10-30;ANP API v1;;86;29320058000102
200;COMERCIAL DE COMBUSTIVEIS MARTINS LTDA;RODOVIA BR 324,  S/N;44230000;AMELIA RODRIGUES;Brazil;BR;BA;;;VIBRA;true;;false;;;;;;;;;2025-10-30;ANP API v1;;85;16496705000262
200;POSTO EMBAIXADOR LTDA;RODOVIA PRESIDENTE DUTRA,  SN;27534010;RESENDE;Brazil;BR;RJ;;;BANDEIRA BRANCA;true;;false;;;;;;;;;2025-10-30;ANP API v1;;100;31465255000153
200;AUTO POSTO PISCA PISCA LTDA;RODOVIA AMARAL PEIXOTO,  S/N;28970000;ARARUAMA;Brazil;BR;RJ;;;IPIRANGA;true;;false;;;;;;;;;2025-10-30;ANP API v1;;88;28529501000189
200;COMERCIAL H KARL ALLERS LTDA;RODOVIA PRESIDENTE DUTRA,  S/N;27175000;PIRAI;Brazil;BR;RJ;;;IPIRANGA;true;;false;;;;;;;;;2025-10-30;ANP API v1;;88;31423015000196
200;POSTO ESTRELA DO MAR LTDA;" PR DA ALDEIA,  SN";28940090;SAO PEDRO DA ALDEIA;Brazil;BR;RJ;;;RAIZEN;true;;false;;;;;;;;;2025-10-30;ANP API v1;;87;31192719000103
200;POSTO IMBOASSICA COMERCIO E SERVICOS LTDA;RODOVIA AMARAL PEIXOTO,  S/N;27932050;MACAE;Brazil;BR;RJ;;;RAIZEN;true;;false;;;;;;;;;2025-10-30;ANP API v1;;87;31341944000156
200;GALOP GASOLINA LUBRIFICANTES E PECAS LTDA;RODOVIA PRESIDENTE DUTRA,  KM4;25586140;SAO JOAO DE MERITI;Brazil;BR;RJ;;;VIBRA;true;;false;;;;;;;;;2025-10-30;ANP API v1;;87;31953466000135
200;POSTO DE GASOLINA ELEFANTINHO LTDA;RODOVIA RJ 140,  500;28940090;SAO PEDRO DA ALDEIA;Brazil;BR;RJ;;;RAIZEN;true;;false;;;;;;;;;2025-10-30;ANP API v1;;86;28698652000160
200;POSTO DAS DUNAS DE CABO FRIO LTDA;RODOVIA ESTADUAL RJ 140,  SN;28922150;CABO FRIO;Brazil;BR;RJ;;;RAIZEN;true;;false;;;;;;;;;2025-10-30;ANP API v1;;86;28746667000157
200;POSTO CARRETEIRO LTDA;RODOVIA WASHINGTON LUIZ,  21562;25251745;DUQUE DE CAXIAS;Brazil;BR;RJ;;;RAIZEN;true;;false;;;;;;;;;2025-10-30;ANP API v1;;86;28752913000183
200;AUTO POSTO PARANAGUA LTDA;RODOVIA SANTOS DUMONT,  850;25211000;DUQUE DE CAXIAS;Brazil;BR;RJ;;;VIBRA;true;;false;;;;;;;;;2025-10-30;ANP API v1;;86;28768778000164
200;POSTO DE GASOLINA JOTA LTDA;RODOVIA WASHINGTON LUIZ,  5920;25055009;DUQUE DE CAXIAS;Brazil;BR;RJ;;;BANDEIRA BRANCA;true;;false;;;;;;;;;2025-10-30;ANP API v1;;86;28768810000101
200;AUTO POSTO CASACA LTDA;RODOVIA SANTOS DUMONT,  S/N;25943320;GUAPIMIRIM;Brazil;BR;RJ;;;BANDEIRA BRANCA;true;;false;;;;;;;;;2025-10-30;ANP API v1;;86;28837938000180
200;SOCIEDADE COMERCIAL SANTA MARIA LTDA.;RODOVIA BR-381,  2800;32280680;CONTAGEM;Brazil;BR;MG;;;VIBRA;true;;false;;;;;;;;;2025-10-30;ANP API v1;;86;23234230000110
200;POSTO JARDIM ITATIAIA LTDA;RODOVIA PRESIDENTE DUTRA,  S/N;27580000;ITATIAIA;Brazil;BR;RJ;;;BANDEIRA BRANCA;true;;false;;;;;;;;;2025-10-30;ANP API v1;;86;31457278000116
200;IRMAOS FERREIRA COMERCIO DE COMBUSTIVEIS LTDA;RODOVIA BR 101, KM 139,  SN;27998000;CARAPEBUS;Brazil;BR;RJ;;;VIBRA;true;;false;;;;;;;;;2025-10-30;ANP API v1;;86;32059362000144
200;PARELHAS GAS LTDA;RODOVIA BR 226,  SN;59200000;SANTA CRUZ;Brazil;BR;RN;;;VIBRA;true;;false;;;;;;;;;2025-10-30;ANP API v1;;86;24206617000550
200;AUTO POSTO CONTORNO LTDA;RODOVIA BR 101,  S/N;29140970;CARIACICA;Brazil;BR;ES;;;ALE;true;;false;;;;;;;;;2025-10-30;ANP API v1;;86;27016518000170
200;REDE 1000 LTDA;RODOVIA MG 424,  S/N;33600000;PEDRO LEOPOLDO;Brazil;BR;MG;;;ALE;true;;false;;;;;;;;;2025-10-30;ANP API v1;;85;17610403000155
200;AUTO POSTO GUARAIUBA LTDA;VIA PARAFUSO,  S/N;42849000;CAMACARI;Brazil;BR;BA;;;RAIZEN;true;;false;;;;;;;;;2025-10-30;ANP API v1;;84;33859083000128
200;M DE AGUIAR COM. DE COMBUSTIVEIS E DER. DE PETROLEO LTD;RODOVIA BR 324,  S/N;40000000;SALVADOR;Brazil;BR;BA;;;BANDEIRA BRANCA;true;;false;;;;;;;;;2025-10-30;ANP API v1;;83;34310961000114
200;POSTO DE GASOLINA IMPERATRIZ LTDA;RODOVIA PRESIDENTE DUTRA,  17.869;26030003;NOVA IGUACU;Brazil;BR;RJ;;;RAIZEN;true;;false;;;;;;;;;2025-10-30;ANP API v1;;81;30815666000169
200;POSTO DE COMBUSTIVEL DA FIGUEIRA LTDA;RODOVIA RS 040 KM 18,  3536;94760970;VIAMAO;Brazil;BR;RS;;;RAIZEN;true;;false;;;;;;;;;2025-10-30;ANP API v1;;87;02308408000150
200;POSTO CAMPO BELO LTDA;RODOVIA BR 101,  80;59115001;NATAL;Brazil;BR;RN;;;BANDEIRA BRANCA;true;;false;;;;;;;;;2025-10-30;ANP API v1;;87;02316952000225
200;POSTO DE GASOLINA TREMENDAO LTDA;RODOVIA BR 101,  SN;28115000;CAMPOS DOS GOYTACAZES;Brazil;BR;RJ;;;VIBRA;true;;false;;;;;;;;;2025-10-30;ANP API v1;;86;32360034000183
200;AUTO POSTO MENDONCA LTDA;" LOC  BR 235,  S N";49580000;AREIA BRANCA;Brazil;BR;SE;;;RAIZEN;true;;false;;;;;;;;;2025-10-30;ANP API v1;;86;15591589000117
200;SODIC SOCIEDADE REVENDEDORA DE COMBUSTIVEIS LTDA;RODOVIA BA 528 ESTRADA DA BASE NAVAL DE ARATU,  4814;40810010;SALVADOR;Brazil;BR;BA;;;VIBRA;true;;false;;;;;;;;;2025-10-30;ANP API v1;;86;15847874000660
200;POSTO DE GASOLINA BRAGAL LTDA;RODOVIA BR 101,  S/N;28860000;CASIMIRO DE ABREU;Brazil;BR;RJ;;;BANDEIRA BRANCA;true;;false;;;;;;;;;2025-10-30;ANP API v1;;86;28372407000169
200;A P JET REVENDA DE COMBUSTIVEL LTDA;RODOVIA LUCIO MEIRA,  KM 14;27250050;VOLTA REDONDA;Brazil;BR;RJ;;;IPIRANGA;true;;false;;;;;;;;;2025-10-30;ANP API v1;;86;39758990000167
200;POSTO RIO ESTORIL LTDA;RODOVIA BR 101,  S/N;28800000;RIO BONITO;Brazil;BR;RJ;;;IPIRANGA;true;;false;;;;;;;;;2025-10-30;ANP API v1;;86;27188960000183
200;AUTO SERVICO SAO CRISTOVAO LTDA;AVENIDA MARIO GURGEL,  3.940;29147345;CARIACICA;Brazil;BR;ES;;;VIBRA;true;;false;;;;;;;;;2025-10-30;ANP API v1;;86;27396415000182
200;FRANCISCO ASSIS NETO POSTO IGUANA;AVENIDA PRESIDENTE DUTRA,  S/N;59631000;MOSSORO;Brazil;BR;RN;;;FAN;true;;false;;;;;;;;;2025-10-30;ANP API v1;;86;08350555000841
200;POSTO TIO ZICO II LTDA.;RODOVIA BR 376,  25000;83090650;SAO JOSE DOS PINHAIS;Brazil;BR;PR;;;IPIRANGA;true;;false;;;;;;;;;2025-10-30;ANP API v1;;86;03303820000140
200;CENTRO DE SERVICOS FRANGO ASSADO -NORTE LTDA;VIA ANHANGUERA,  S/N;13290000;LOUVEIRA;Brazil;BR;SP;;;VIBRA;true;;false;;;;;;;;;2025-10-30;ANP API v1;;86;02896671000108
200;POSTO NEVES E VIANA LTDA;RODOVIA BR 222,  S/N;61605600;CAUCAIA;Brazil;BR;CE;;;VIBRA;true;;false;;;;;;;;;2025-10-30;ANP API v1;;86;04327828000100
200;M. S. PETROLEO LTDA;RODOVIA BR 116,  2620;60850000;FORTALEZA;Brazil;BR;CE;;;RAIZEN;true;;false;;;;;;;;;2025-10-30;ANP API v1;;86;02487286000107
200;MELLO BEZERRA COMERCIAL DE COMBUSTIVEL LTDA.;RODOVIA ESTRADA DO COCO, KM 22,  S/N;42829710;CAMACARI;Brazil;BR;BA;;;VIBRA;true;;false;;;;;;;;;2025-10-30;ANP API v1;;85;04718804000181
200;SODIC SOCIEDADE REVENDEDORA DE COMBUSTIVEIS LTDA;RODOVIA BR  324,  6656;41230200;SALVADOR;Brazil;BR;BA;;;RAIZEN;true;;false;;;;;;;;;2025-10-30;ANP API v1;;84;15847874000318
200;PETRO CABO LTDA;RODOVIA PE 60,  1900;54518343;CABO DE SANTO AGOSTINHO;Brazil;BR;PE;;;BANDEIRA BRANCA;true;;false;;;;;;;;;2025-10-30;ANP API v1;;88;05097635000172
200;PETROLEO SUAPE LTDA;RODOVIA PE 60,  6927;54521010;CABO DE SANTO AGOSTINHO;Brazil;BR;PE;;;VIBRA;true;;false;;;;;;;;;2025-10-30;ANP API v1;;86;03129077000154
200;AUTO POSTO GOMES NOGUEIRA LTDA.;" BR-101/RJ,  KM 288";24800001;ITABORAI;Brazil;BR;RJ;;;BANDEIRA BRANCA;true;;false;;;;;;;;;2025-10-30;ANP API v1;;86;03705253000159
200;ANTONIO SANTINI AUTO POSTO DE COMBUSTIVEIS LTDA;" BR 393 KM 200,  SN";27660000;RIO DAS FLORES;Brazil;BR;RJ;;;BANDEIRA BRANCA;true;;false;;;;;;;;;2025-10-30;ANP API v1;;86;05097374000190
200;J MENDES REVENDEDORA DE COMBUSTIVEIS E DERIVADOS LTDA;AVENIDA FRANCISCO MOTA,  1778;59625526;MOSSORO;Brazil;BR;RN;;;BANDEIRA BRANCA;true;;false;;;;;;;;;2025-10-30;ANP API v1;;86;03315118000105
200;AUTO POSTO DE SERVICOS VIA DUTRA 1 LTDA;RODOVIA PRESIDENTE DUTRA,  17500;26020005;NOVA IGUACU;Brazil;BR;RJ;;;IPIRANGA;true;;false;;;;;;;;;2025-10-30;ANP API v1;;86;04010834000139
200;BOQUEIRAO COMERCIO DE DERIVADOS DE PETROLEO LTDA;RODOVIA BR 222 KM 21,  S/N;61616000;CAUCAIA;Brazil;BR;CE;;;RAIZEN;true;;false;;;;;;;;;2025-10-30;ANP API v1;;86;07130954000168
200;COMERCIO DE COMBUSTIVEIS E LUBRIFICANTES RONSANI LTDA;RODOVIA ICR 353,  S/N;88820000;ICARA;Brazil;BR;SC;;;RAIZEN MIME;true;;false;;;;;;;;;2025-10-30;ANP API v1;;86;07396885000139
200;COMERCIAL PARAKY DE COMBUSTIVEIS LTDA.;RODOVIA BA. 093, KM 01,  S/N;43700000;SIMOES FILHO;Brazil;BR;BA;;;VIBRA;true;;false;;;;;;;;;2025-10-30;ANP API v1;;83;02988538000181
200;AUTO POSTO RURAL DE SEROPEDICA LTDA;ESTRADA RIO SAO PAULO,  S/N;23890001;SEROPEDICA;Brazil;BR;RJ;;;VIBRA;true;;false;;;;;;;;;2025-10-30;ANP API v1;;83;03754346000173
200;L & S COMERCIO DE COMBUSTIVEIS LTDA;RODOVIA DOUTOR MENDEL STEINBRUCH,  9953;61910000;MARACANAU;Brazil;BR;CE;;;VIBRA;true;;false;;;;;;;;;2025-10-30;ANP API v1;;83;02858003000358
200;M. LUZ COMERCIO DE COMBUSTIVEIS LTDA;RODOVIA BR 116,  9310;60850015;FORTALEZA;Brazil;BR;CE;;;RAIZEN;true;;false;;;;;;;;;2025-10-30;ANP API v1;;88;08912686000107
200;AUTO POSTO LUAR DA RIO SAO PAULO LTDA;ESTRADA RIO SAO PAULO KM 31,  5996;23075246;RIO DE JANEIRO;Brazil;BR;RJ;;;RAIZEN;true;;false;;;;;;;;;2025-10-30;ANP API v1;;87;05616264000198
200;POSTO DE COMBUSTIVEIS TREVO DE MANILHA LTDA;RODOVIA GOVERNADOR MARIO COVAS - BR 101,  S/N;24855148;ITABORAI;Brazil;BR;RJ;;;RAIZEN;true;;false;;;;;;;;;2025-10-30;ANP API v1;;87;18936123000102
200;POSTO DE COMBUSTIVEIS POINT DE NOVA IGUACU LTDA;ESTRADA ANTIGA RIO SAO PAULO, BR 465,  149;26262020;NOVA IGUACU;Brazil;BR;RJ;;;BANDEIRA BRANCA;true;;false;;;;;;;;;2025-10-30;ANP API v1;;86;08728050000100
200;2 A COMERCIO DE COMBUSTIVEIS GNV E LUBRIFICANTES LTDA;RODOVIA BR 101  KM  116,  S/N;48005440;ALAGOINHAS;Brazil;BR;BA;;;LARCO;true;;false;;;;;;;;;2025-10-30;ANP API v1;;86;14238511000150
200;POSTO SOL DA DUTRA LTDA.;RODOVIA PRESIDENTE DUTRA,  S/N;27536000;RESENDE;Brazil;BR;RJ;;;IPIRANGA;true;;false;;;;;;;;;2025-10-30;ANP API v1;;86;06012414000460
200;POSTO DE COMBUSTIVEIS ROUTE 206 LTDA ME;RODOVIA BR 101,  S/N°;28860000;CASIMIRO DE ABREU;Brazil;BR;RJ;;;VIBRA;true;;false;;;;;;;;;2025-10-30;ANP API v1;;85;10172504000142
200;POSTO BJ COMERCIO DE COMBUSTIVEIS LTDA;RODOVIA RJ 116,  SN;28660000;BOM JARDIM;Brazil;BR;RJ;;;BANDEIRA BRANCA;true;;false;;;;;;;;;2025-10-30;ANP API v1;;83;10862817000122
200;POSTO APODI LTDA;RUA JOAQUIM TEIXEIRA DE MOURA,  1350;59700000;APODI;Brazil;BR;RN;;;ALE;true;;false;;;;;;;;;2025-10-30;ANP API v1;;83;08692063000168
200;POSTO MIME S.A.;RODOVIA BR 101,  24000;89245000;ARAQUARI;Brazil;BR;SC;;;RAIZEN MIME;true;;false;;;;;;;;;2025-10-30;ANP API v1;;89;83488882004443
200;POSTO DE COMBUSTIVEIS GUAPURUVU LTDA;RODOVIA LUCIO MEIRA (BR-393),  S/N;27335000;BARRA MANSA;Brazil;BR;RJ;;;BANDEIRA BRANCA;true;;false;;;;;;;;;2025-10-30;ANP API v1;;88;22793239000107
200;COMERCIAL BUFFON COMBUSTIVEIS E TRANSPORTES LIMITADA;RODOVIA RS 118, KM 11 + 550 METROS,  SN;94901970;CACHOEIRINHA;Brazil;BR;RS;;;VIBRA;true;;false;;;;;;;;;2025-10-30;ANP API v1;;86;93489243003565
200;FIXXOIL COMERCIO DE COMBUSTIVEIS LTDA;RODOVIA AFONSO CELSO,  40;28230000;SAO FRANCISCO DE ITABAPOANA;Brazil;BR;RJ;;;BANDEIRA BRANCA;true;;false;;;;;;;;;2025-10-30;ANP API v1;;86;18097470000180
200;SANTA CLARA COMERCIO DE COMBUSTIVEIS LTDA;RODOVIA ENGENHEIRO FABIANO VIVACQUA,  1414;29318400;CACHOEIRO DE ITAPEMIRIM;Brazil;BR;ES;;;VIBRA;true;;false;;;;;;;;;2025-10-30;ANP API v1;;86;02583872000155
200;BATISTA COMERCIO DE COMBUSTIVEIS E LUBRIFICANTES LTDA;AVENIDA FERROVIARIA,  S/N;45658340;ILHEUS;Brazil;BR;BA;;;BANDEIRA BRANCA;true;;false;;;;;;;;;2025-10-30;ANP API v1;;86;28562491000183
200;PALLADIUM COMERCIO VAREJISTA DE COMBUSTIVEL LTDA;RODOVIA BR - 356,  S/N;28200000;SAO JOAO DA BARRA;Brazil;BR;RJ;;;BANDEIRA BRANCA;true;;false;;;;;;;;;2025-10-30;ANP API v1;;86;13412918000270
200;POSTO MIME S.A.;RODOVIA BR 101,  24333;89245000;ARAQUARI;Brazil;BR;SC;;;RAIZEN MIME;true;;false;;;;;;;;;2025-10-30;ANP API v1;;86;83488882004362
200;AUTO POSTO RODHAR LTDA;RODOVIA WASHINGTON LUIZ,  SN;25265008;DUQUE DE CAXIAS;Brazil;BR;RJ;;;BANDEIRA BRANCA;true;;false;;;;;;;;;2025-10-30;ANP API v1;;86;28099773000196
200;VITORIA - PETRO DERIVADOS DE PETROLEO LTDA;AVENIDA PRESIDENTE DUTRA,  SN;45051030;VITORIA DA CONQUISTA;Brazil;BR;BA;;;VIBRA;true;;false;;;;;;;;;2025-10-30;ANP API v1;;85;11758308000117
200;FCJ - COMBUSTIVEIS E CONVENIENCIA LTDA;RODOVIA EMPRESARIO JOAO SANTOS FILHO,  471;54355030;JABOATAO DOS GUARARAPES;Brazil;BR;PE;;;BANDEIRA BRANCA;true;;false;;;;;;;;;2025-10-30;ANP API v1;;82;20700989000153
200;IBN PINTO E SILVA & CIA LTDA;RODOVIA AL-110,  678;57302802;ARAPIRACA;Brazil;BR;AL;;;BANDEIRA BRANCA;true;;false;;;;;;;;;2025-10-30;ANP API v1;;87;01242690000158
200;POSTO DE GASOLINA MAC STOP LTDA;RODOVIA GOVERNADOR MARIO COVAS  BR 101,  0;24855140;ITABORAI;Brazil;BR;RJ;;;IPIRANGA;true;;false;;;;;;;;;2025-10-30;ANP API v1;;86;36381578000182
200;POSTO MOC 365 LTDA;RODOVIA BR-365,  S/N;39403203;MONTES CLAROS;Brazil;BR;MG;;;BANDEIRA BRANCA;true;;false;;;;;;;;;2025-10-30;ANP API v1;;86;49885365000130
200;POSTO DE GASOLINA NUNES & COSTA LIMITADA;RODOVIA AMARAL PEIXOTO,  273;28993000;SAQUAREMA;Brazil;BR;RJ;;;IPIRANGA;true;;false;;;;;;;;;2025-10-30;ANP API v1;;86;32144917000156
200;CENTRO AUTOMOTIVO PUGLIA LTDA;RODOVIA PRESIDENTE DUTRA,  S/N;7034010;GUARULHOS;Brazil;BR;SP;;;IPIRANGA;true;;false;;;;;;;;;2025-10-30;ANP API v1;;85;38033703000199
200;POSTO GRANDE PARADA LTDA;RODOVIA DOS METALURGICOS,  8300;27258000;VOLTA REDONDA;Brazil;BR;RJ;;;RAIZEN;true;;false;;;;;;;;;2025-10-30;ANP API v1;;84;00071508000180
200;M G DERIVADOS DE PETROLEO LTDA;RODOVIA BR 324,  S/N;44001970;FEIRA DE SANTANA;Brazil;BR;BA;;;VIBRA;true;;false;;;;;;;;;2025-10-30;ANP API v1;;82;00096068000116
200;AUTO POSTO NOVO PEDAGIO LTDA;RODOVIA PRESIDENTE DUTRA,  S/N;23890001;SEROPEDICA;Brazil;BR;RJ;;;VIBRA;true;;false;;;;;;;;;2025-10-30;ANP API v1;;100;01797812000172
200;CHACRINHA POSTO DE SERVICOS LTDA;RODOVIA WASHINGTON LUIZ,  4492;25055000;DUQUE DE CAXIAS;Brazil;BR;RJ;;;IPIRANGA;true;;false;;;;;;;;;2025-10-30;ANP API v1;;100;00624710000192
200;POSTO DE COMBUSTIVEIS VOO LIVRE KM 52 LTDA;RODOVIA AMARAL PEIXOTO,  KM 52;28997000;SAQUAREMA;Brazil;BR;RJ;;;RAIZEN;true;;false;;;;;;;;;2025-10-30;ANP API v1;;89;05762296000100
200;POSTO SPINASSE LTDA;RODOVIA ES-10,  S/N;29190010;ARACRUZ;Brazil;BR;ES;;;VIBRA;true;;false;;;;;;;;;2025-10-30;ANP API v1;;86;01291148000195
200;POSTO SANTA GEMA LTDA;RODOVIA GOVERNADOR MARIO COVAS,  SN;29316378;CACHOEIRO DE ITAPEMIRIM;Brazil;BR;ES;;;VIBRA;true;;false;;;;;;;;;2025-10-30;ANP API v1;;86;01917233000116
200;COMERCIAL RALORI LTDA;RODOVIA NORTE SUL,  3595;29168078;SERRA;Brazil;BR;ES;;;RAIZEN;true;;false;;;;;;;;;2025-10-30;ANP API v1;;86;00611875000120
200;POSTO DE COMBUSTÍVEL S W EIRELI;" LOC BR 101,  SN";58320000;ALHANDRA;Brazil;BR;PB;;;BANDEIRA BRANCA;true;;false;;;;;;;;;2025-10-30;ANP API v1;;86;01982212000184
200;PORTAL DE POA AUTO POSTO LTDA;RODOVIA JOAO AFONSO DE SOUZA CASTELLANO,  1890;8559000;POA;Brazil;BR;SP;;;BANDEIRA BRANCA;true;;false;;;;;;;;;2025-10-30;ANP API v1;;86;04576763000136
200;AUTO POSTO BARRA DE CASIMIRO LTDA;ESTRADA AMARAL PEIXOTO,  SN;28880000;CASIMIRO DE ABREU;Brazil;BR;RJ;;;VIBRA;true;;false;;;;;;;;;2025-10-30;ANP API v1;;85;05118175000111
200;AUTO POSTO E POUSADA RURAL DE PIRANEMA LTDA;RODOVIA BR. 465 KM. 40,  S/N;23890001;SEROPEDICA;Brazil;BR;RJ;;;BANDEIRA BRANCA;true;;false;;;;;;;;;2025-10-30;ANP API v1;;84;05142318000120
200;POSTO Z2 LTDA;RODOVIA BR 470,  243;89080001;INDAIAL;Brazil;BR;SC;;;IPIRANGA;true;;false;;;;;;;;;2025-10-30;ANP API v1;;82;05407823000150
200;MARCLAU COMERCIO DE COMBUSTIVEIS LTDA;RODOVIA BR 101,  S/N;24425470;SAO GONCALO;Brazil;BR;RJ;;;RAIZEN;true;;false;;;;;;;;;2025-10-30;ANP API v1;;81;00157051000121
200;POSTO IPIRANGAO LTDA;RODOVIA BR 101,  S/N;55540000;PALMARES;Brazil;BR;PE;;;VIBRA;true;;false;;;;;;;;;2025-10-30;ANP API v1;;81;01751467000136
200;POSTO SOL DA DUTRA LTDA.;RODOVIA PRESIDENTE DUTRA,  S/NO.;27365000;BARRA MANSA;Brazil;BR;RJ;;;BANDEIRA BRANCA;true;;false;;;;;;;;;2025-10-30;ANP API v1;;100;06012414000117
200;AUTO POSTO RJ-SAO PEDRO LTDA;RODOVIA RJ 140,  S/N;28940090;SAO PEDRO DA ALDEIA;Brazil;BR;RJ;;;BANDEIRA BRANCA;true;;false;;;;;;;;;2025-10-30;ANP API v1;;87;11076308000137
200;POSTO DE COMBUSTIVEIS E LUBRIFICANTES CORREIA LTDA;RODOVIA BA 522 KM 10,  SN;43813300;CANDEIAS;Brazil;BR;BA;;;LARCO;true;;false;;;;;;;;;2025-10-30;ANP API v1;;87;06099586000170
200;A. PEIXOTO POSTO DE ABASTECIMENTO LTDA;RODOVIA AMARAL PEIXOTO,  S/N;27970020;MACAE;Brazil;BR;RJ;;;BANDEIRA BRANCA;true;;false;;;;;;;;;2025-10-30;ANP API v1;;87;05759056000148
200;POSTO CIDADE DAS PRAIAS LTDA.;RODOVIA SC 442,  S/N;88705000;JAGUARUNA;Brazil;BR;SC;;;VIBRA;true;;false;;;;;;;;;2025-10-30;ANP API v1;;86;05423899000179
200;MARQUINHO COMBUSTIVEIS E SERVICOS LTDA;RODOVIA BR 101,  S/N;88106100;SAO JOSE;Brazil;BR;SC;;;ALE;true;;false;;;;;;;;;2025-10-30;ANP API v1;;86;05991479000270
200;F C MATOS OLIVEIRA  LTDA;RODOVIA MA 014,  125;65235000;SAO BENTO;Brazil;BR;MA;;;BANDEIRA BRANCA;true;;false;;;;;;;;;2025-10-30;ANP API v1;;86;03180674000375
200;REDE DE POSTOS SETE ESTRELAS LTDA;RODOVIA PRESIDENTE DUTRA,  S/N;12286160;CACAPAVA;Brazil;BR;SP;;;BANDEIRA BRANCA;true;;false;;;;;;;;;2025-10-30;ANP API v1;;86;45694437002669
200;AUTO POSTO DR 4 LTDA;RODOVIA BR 104 KM 20,1,  SN;55790000;TAQUARITINGA DO NORTE;Brazil;BR;PE;;;BANDEIRA BRANCA;true;;false;;;;;;;;;2025-10-30;ANP API v1;;86;05854086000303
200;INVESTGAS LOCACAO E INVESTIMENTO LIMITADA;RODOVIA BR 101,  S/N;58320000;ALHANDRA;Brazil;BR;PB;;;BANDEIRA BRANCA;true;;false;;;;;;;;;2025-10-30;ANP API v1;;86;07617461000238
200;POSTO DE GASOLINA BARRETO E SILVA LTDA;RODOVIA LUCIO MEIRA,  299;27250050;VOLTA REDONDA;Brazil;BR;RJ;;;BANDEIRA BRANCA;true;;false;;;;;;;;;2025-10-30;ANP API v1;;86;08962639000160
200;POSTO G MARCUS COMERCIO DE COMBUSTIVEIS LTDA;RODOVIA B R 101,  S N;28860971;CASIMIRO DE ABREU;Brazil;BR;RJ;;;BANDEIRA BRANCA;true;;false;;;;;;;;;2025-10-30;ANP API v1;;86;10311450000159
200;VILA BELA COMERCIO DE COMBUSTIVEL LTDA;RODOVIA BR-232,  S/N;54130340;JABOATAO DOS GUARARAPES;Brazil;BR;PE;;;BANDEIRA BRANCA;true;;false;;;;;;;;;2025-10-30;ANP API v1;;82;07105859000104
200;POSTO SUL LTDA;RODOVIA BR 101 SUL,  S/N;54345160;JABOATAO DOS GUARARAPES;Brazil;BR;PE;;;DISLUB;true;;false;;;;;;;;;2025-10-30;ANP API v1;;82;09456974000159
200;SERVICAR S/A;RODOVIA BR 101,  S/N;54515070;CABO DE SANTO AGOSTINHO;Brazil;BR;PE;;;VIBRA;true;;false;;;;;;;;;2025-10-30;ANP API v1;;82;09798307000316
200;AUTO POSTO BRAMBILA LTDA;RODOVIA BR 101,  S/N;88910000;MARACAJA;Brazil;BR;SC;;;IPIRANGA;true;;false;;;;;;;;;2025-10-30;ANP API v1;;86;11486872000128
200;POSTO DE COMBUSTIVEIS PACATUBA LTDA;RODOVIA CE 060,  S/N;61800100;PACATUBA;Brazil;BR;CE;;;VIBRA;true;;false;;;;;;;;;2025-10-30;ANP API v1;;86;13763324000123
200;POSTO SOUTO BAHIA II LTDA;RODOVIA AMARAL PEIXOTO,  S/N;28890001;RIO DAS OSTRAS;Brazil;BR;RJ;;;RAIZEN;true;;false;;;;;;;;;2025-10-30;ANP API v1;;86;14507889000102
200;PALLADIUM COMERCIO VAREJISTA DE COMBUSTIVEL LTDA;RODOVIA CAMPOS SANTO AMARO,  SN;28143000;CAMPOS DOS GOYTACAZES;Brazil;BR;RJ;;;BANDEIRA BRANCA;true;;false;;;;;;;;;2025-10-30;ANP API v1;;86;13412918000190
200;POSTO DE GAS NATURAL LAMACAES LTDA;RODOVIA PRESIDENTE DUTRA,  11991;26221190;NOVA IGUACU;Brazil;BR;RJ;;;VIBRA;true;;false;;;;;;;;;2025-10-30;ANP API v1;;86;06341140000100
200;POSTO BERRIEL FIDELENSE LTDA - ME;RODOVIA RJ 158,  S/N;28400000;SAO FIDELIS;Brazil;BR;RJ;;;BANDEIRA BRANCA;true;;false;;;;;;;;;2025-10-30;ANP API v1;;86;05203525000148
200;REDE HG COMBUSTIVEIS LTDA.;AVENIDA RIO/BAHIA,  S/N;35054060;GOVERNADOR VALADARES;Brazil;BR;MG;;;VIBRA;true;;false;;;;;;;;;2025-10-30;ANP API v1;;85;13569064000400
200;AUTO POSTO RODA VIVA DE SAO JOAO DE MERITI LTDA;RODOVIA PRESIDENTE DUTRA,  S/N;25545420;SAO JOAO DE MERITI;Brazil;BR;RJ;;;IPIRANGA;true;;false;;;;;;;;;2025-10-30;ANP API v1;;100;30243299000176
200;GNV PADUA COMERCIO DE COMBUSTIVEL LTDA;ESTRADA PADUA - PIRAPETINGA,  SN;28470000;SANTO ANTONIO DE PADUA;Brazil;BR;RJ;;;BANDEIRA BRANCA;true;;false;;;;;;;;;2025-10-30;ANP API v1;;86;15252610000150
200;POSTO DE COMBUSTIVEIS RODOVIARIA LTDA.;AVENIDA ANTONIO CARLOS MAGALHAES,  4222;41800700;SALVADOR;Brazil;BR;BA;;;VIBRA;true;;false;;;;;;;;;2025-10-30;ANP API v1;;86;30407533000153
200;ITAPAGIPE COMERCIO DE COMBUSTIVEIS LTDA;VIA CIA AEROPORTO,  S/N;43700000;SIMOES FILHO;Brazil;BR;BA;;;LARCO;true;;false;;;;;;;;;2025-10-30;ANP API v1;;86;26220463000152
200;CENTRO DE SERVICOS FRANGO ASSADO -NORTE LTDA;RODOVIA PRESIDENTE DUTRA,  S/N;12321520;JACAREI;Brazil;BR;SP;;;RAIZEN;true;;false;;;;;;;;;2025-10-30;ANP API v1;;86;02896671000884
200;AUTO POSTO GIGANTE DA DUTRA LTDA;RODOVIA PRESIDENTE DUTRA,  191;26377180;QUEIMADOS;Brazil;BR;RJ;;;RAIZEN;true;;false;;;;;;;;;2025-10-30;ANP API v1;;86;26410927000193
200;AMAZON EMPREENDIMENTOS LTDA;AVENIDA TORQUATO TAPAJOS,  7070;69093415;MANAUS;Brazil;BR;AM;;;EQUADOR;true;;false;;;;;;;;;2025-10-30;ANP API v1;;86;19470625000145
200;COMERCIAL BUFFON COMBUSTIVEIS E TRANSPORTES LIMITADA;ESTRADA BR 101,  5450;95560000;TORRES;Brazil;BR;RS;;;VIBRA;true;;false;;;;;;;;;2025-10-30;ANP API v1;;86;93489243009849
200;COMERCIAL BUFFON COMBUSTIVEIS E TRANSPORTES LIMITADA;RODOVIA BR 101,  6147;88380000;BALNEARIO PICARRAS;Brazil;BR;SC;;;IPIRANGA;true;;false;;;;;;;;;2025-10-30;ANP API v1;;84;93489243008877
200;POSTO GAMELEIRA LTDA;RODOVIA RODOVIA BR 324, KM 9,5,  S/N;40301155;SALVADOR;Brazil;BR;BA;;;VIBRA;true;;false;;;;;;;;;2025-10-30;ANP API v1;;81;13570353000179
200;POSTO MIME S.A.;RODOVIA BR 280,  12726;89270000;GUARAMIRIM;Brazil;BR;SC;;;RAIZEN MIME;true;;false;;;;;;;;;2025-10-30;ANP API v1;;81;83488882004877
200;AUTO POSTO TUBARÃO LTDA;RODOVIA REGIS BITENCOURT,  1530;6753420;TABOAO DA SERRA;Brazil;BR;SP;;;VIBRA;true;;false;;;;;;;;;2025-10-30;ANP API v1;;87;45828699000110
200;POSTO DE COMBUSTIVEIS SAO MARCOS GRAVATAL LTDA;RODOVIA SC 370,  SN;88735000;GRAVATAL;Brazil;BR;SC;;;VIBRA;true;;false;;;;;;;;;2025-10-30;ANP API v1;;87;28162958000106
200;POSTO DE GASOLINA GIGANTE DA WASHINGTON LUIZ LTDA;RODOVIA WASHINGTON LUIZ,  S/N;25225015;DUQUE DE CAXIAS;Brazil;BR;RJ;;;BANDEIRA BRANCA;true;;false;;;;;;;;;2025-10-30;ANP API v1;;86;30961525000154
200;SIM REDE DE POSTOS LTDA;RODOVIA ERS-130,  2285;95912000;LAJEADO;Brazil;BR;RS;;;CHARRUA;true;;false;;;;;;;;;2025-10-30;ANP API v1;;86;07473735018714
200;COMERCIAL BUFFON COMBUSTIVEIS E TRANSPORTES LIMITADA;" BR-116   KM-286,  S/N";92990000;ELDORADO DO SUL;Brazil;BR;RS;;;IPIRANGA;true;;false;;;;;;;;;2025-10-30;ANP API v1;;86;93489243000540
200;CEMOPEL CM PETROLEO LTDA;RODOVIA BR 101 SUL,  2220;54505000;CABO DE SANTO AGOSTINHO;Brazil;BR;PE;;;RAIZEN;true;;false;;;;;;;;;2025-10-30;ANP API v1;;86;69943686000584
200;POSTO DE ABASTECIMENTO VITORIA 040 LTDA.;ESTRADA BR 040,  KM82,9;25665091;PETROPOLIS;Brazil;BR;RJ;;;RAIZEN;true;;false;;;;;;;;;2025-10-30;ANP API v1;;86;07570135000131
200;J. PACHECO E FILHOS LTDA;" RS 401 KM 16,  SN";96745000;CHARQUEADAS;Brazil;BR;RS;;;BANDEIRA BRANCA;true;;false;;;;;;;;;2025-10-30;ANP API v1;;84;93648517000172
200;COMERCIAL BUFFON COMBUSTIVEIS E TRANSPORTES LIMITADA;RODOVIA BR 116 KM 289,  SN;92990000;ELDORADO DO SUL;Brazil;BR;RS;;;IPIRANGA;true;;false;;;;;;;;;2025-10-30;ANP API v1;;84;93489243000620
200;AUTO POSTO RINCAO LTDA;RODOVIA BR 101, KM 381,  919;88820000;ICARA;Brazil;BR;SC;;;IPIRANGA;true;;false;;;;;;;;;2025-10-30;ANP API v1;;83;79930681000147
200;AUTO POSTO CABECUDAS LTDA;RODOVIA BR 101,  SN;88790000;LAGUNA;Brazil;BR;SC;;;IPIRANGA;true;;false;;;;;;;;;2025-10-30;ANP API v1;;82;82540576000106
200;POSTO DE GASOLINA JB CAXIAS LTDA;RODOVIA WASHINGTON LUIS,  14689;25250000;DUQUE DE CAXIAS;Brazil;BR;RJ;;;RAIZEN;true;;false;;;;;;;;;2025-10-30;ANP API v1;;100;08064380000130
200;POSTO GARCIA DE CAMPINAS LTDA;RODOVIA ANHANGUERA,  S/N;13063000;CAMPINAS;Brazil;BR;SP;;;RAIZEN;true;;false;;;;;;;;;2025-10-30;ANP API v1;;87;07017009000154
200;A. ANGELONI & CIA. LTDA;RODOVIA BR 101,  S/N;88210000;PORTO BELO;Brazil;BR;SC;;;BANDEIRA BRANCA;true;;false;;;;;;;;;2025-10-30;ANP API v1;;87;83646984007031
200;COMERCIAL SULINA DE DERIVADOS DE PETROLEO LTDA;RODOVIA BR 116 KM 252,  1826;93210000;SAPUCAIA DO SUL;Brazil;BR;RS;;;RAIZEN;true;;false;;;;;;;;;2025-10-30;ANP API v1;;86;88181615000102
200;RODOPOSTO TURMALINA LTDA;RODOVIA ANHANGUERA,  S/N;13490000;CORDEIROPOLIS;Brazil;BR;SP;;;BANDEIRA BRANCA;true;;false;;;;;;;;;2025-10-30;ANP API v1;;86;05122863000155
200;POSTO PINHEIRINHO DE RESENDE LTDA;RODOVIA PRESIDENTE DUTRA,  2300;27537000;RESENDE;Brazil;BR;RJ;;;IPIRANGA;true;;false;;;;;;;;;2025-10-30;ANP API v1;;86;00854639000134
200;POSTO BANDEIRA BRANCA COMERCIO DE COMBUSTIVEIS LTDA;RODOVIA BR-222 KM 19, S/N,  23000;61616992;CAUCAIA;Brazil;BR;CE;;;IPIRANGA;true;;false;;;;;;;;;2025-10-30;ANP API v1;;86;05613385000186
200;AUTO POSTO VIADUTO LTDA;RODOVIA BR 282 - KM 05,  S/N;88130005;PALHOCA;Brazil;BR;SC;;;IPIRANGA;true;;false;;;;;;;;;2025-10-30;ANP API v1;;86;04308884000369
200;POSTO JP MOSSORO LTDA;AVENIDA WILSON ROSADO DE SA,  2000;59607045;MOSSORO;Brazil;BR;RN;;;VIBRA;true;;false;;;;;;;;;2025-10-30;ANP API v1;;86;04899438000104
200;DORIA & SARMENTO COMÉRCIO DE COMBUSTÍVEIS LTDA - EPP.;RODOVIA BR 316,  S/N;57690000;ATALAIA;Brazil;BR;AL;;;VIBRA;true;;false;;;;;;;;;2025-10-30;ANP API v1;;86;07150975000145
200;AUTO POSTO GIROMANILHA LTDA;RODOVIA BR 101,  SN;24800001;ITABORAI;Brazil;BR;RJ;;;BANDEIRA BRANCA;true;;false;;;;;;;;;2025-10-30;ANP API v1;;85;06095466000102
200;MOTOGAS INDUSTRIA DE COMPRESSAO E COMERCIO DE GAS NATURAL LTDA;" BR 230 KM 293,  S/N";58706500;PATOS;Brazil;BR;PB;;;BANDEIRA BRANCA;true;;false;;;;;;;;;2025-10-30;ANP API v1;;82;01420327000509
200;AUTO POSTO NIENKOTTER LTDA;RODOVIA BR 101 KM 210,  S/N;88104800;SAO JOSE;Brazil;BR;SC;;;VIBRA;true;;false;;;;;;;;;2025-10-30;ANP API v1;;82;75459461000550
200;POSTO KALILANDIA LTDA;RODOVIA BR 324,  S/N;43700000;SIMOES FILHO;Brazil;BR;BA;;;VIBRA;true;;false;;;;;;;;;2025-10-30;ANP API v1;;82;15151046001827
200;CPD ENERGETICOS E DERIVADOS DE PETROLEO LTDA.;RODOVIA BR 101, KM 110,5,  S/N;48010970;ALAGOINHAS;Brazil;BR;BA;;;VIBRA;true;;false;;;;;;;;;2025-10-30;ANP API v1;;88;08359486000160
200;VIEIRA & RABELO LTDA;RODOVIA ROD MARGEM DA PE 75, KM 01,  S/N;55900000;GOIANA;Brazil;BR;PE;;;BANDEIRA BRANCA;true;;false;;;;;;;;;2025-10-30;ANP API v1;;88;05822300000170
200;POSTO DE GNV SERVAUTO II LTDA;RODOVIA PRESIDENTE DUTRA BR 116,  2560;26031000;NOVA IGUACU;Brazil;BR;RJ;;;BANDEIRA BRANCA;true;;false;;;;;;;;;2025-10-30;ANP API v1;;88;10371066000141
200;CAUIPE REVENDEDORA DE PETROLEO LTDA;RODOVIA BR 116 KM 10.4,  S/N;60842395;FORTALEZA;Brazil;BR;CE;;;VIBRA;true;;false;;;;;;;;;2025-10-30;ANP API v1;;87;35075597000460
200;POSTO E TRANSPORTADORA DOTH LTDA;" BR 304 KM 47,  SN";62800000;ARACATI;Brazil;BR;CE;;;VIBRA;true;;false;;;;;;;;;2025-10-30;ANP API v1;;86;00894481000630
200;MOTOCAP COMBUSTIVEIS LTDA;RODOVIA GETHER LOPES DE FARIAS,  2600;29705390;COLATINA;Brazil;BR;ES;;;VIBRA;true;;false;;;;;;;;;2025-10-30;ANP API v1;;86;05791319000104
200;SODIC SOCIEDADE REVENDEDORA DE COMBUSTIVEIS LTDA;RODOVIA BA 526,  S/N;41505220;SALVADOR;Brazil;BR;BA;;;VIBRA;true;;false;;;;;;;;;2025-10-30;ANP API v1;;86;15847874001047
200;POSTO GUGLIELMI LTDA.;RODOVIA SC 443,  S/N;88830000;MORRO DA FUMACA;Brazil;BR;SC;;;VIBRA;true;;false;;;;;;;;;2025-10-30;ANP API v1;;84;06816506000150
200;SIM REDE DE POSTOS LTDA;RODOVIA BR 101,  4850-A;88317000;ITAJAI;Brazil;BR;SC;;;BANDEIRA BRANCA;true;;false;;;;;;;;;2025-10-30;ANP API v1;;89;07473735007356
200;EXCLUSIVO POSTO E SERVICOS LTDA;RUA CRUZEIRO DO SUL,  901;24430620;SAO GONCALO;Brazil;BR;RJ;;;VIBRA;true;;false;;;;;;;;;2025-10-30;ANP API v1;;87;07048271000166
200;POSTO MONTE BELO VII COMERCIO DE COMBUSTIVEIS LTDA;RODOVIA BR 304,  1010;59280000;MACAIBA;Brazil;BR;RN;;;VIBRA;true;;false;;;;;;;;;2025-10-30;ANP API v1;;87;23636359000155
200;POSTO ANGICAL COMERCIO DE COMBUSTIVEIS E LUBRIFICANTES LTDA;RODOVIA RODOVIA BR 324, KM 537,  S/N;44230000;AMELIA RODRIGUES;Brazil;BR;BA;;;LARCO;true;;false;;;;;;;;;2025-10-30;ANP API v1;;86;13803355000160
200;AUTO POSTO LUAR DA RIO SANTOS II LTDA;ESTRADA DO GUANDU ESQ.C/  BR 101,  SN;23560150;RIO DE JANEIRO;Brazil;BR;RJ;;;RAIZEN;true;;false;;;;;;;;;2025-10-30;ANP API v1;;86;11217808000141
200;ROTA DERIVADOS DE PETROLEO LTDA;RODOVIA PE009,  S/N;55590000;IPOJUCA;Brazil;BR;PE;;;RAIZEN;true;;false;;;;;;;;;2025-10-30;ANP API v1;;86;21511490000160
200;REDE HG COMBUSTIVEIS LTDA.;RODOVIA BR-324,  S/N;41311266;SALVADOR;Brazil;BR;BA;;;RAIZEN;true;;false;;;;;;;;;2025-10-30;ANP API v1;;87;13569064004066
200;ECO POSTO CAXIAS COMBUSTIVEIS LTDA.;RODOVIA WASHINGTON LUIZ,  12000;25200000;DUQUE DE CAXIAS;Brazil;BR;RJ;;;RAIZEN;true;;false;;;;;;;;;2025-10-30;ANP API v1;;86;21642192000100
200;PETROX COMERCIAL LTDA;RODOVIA BR 235,  S/N;49160000;NOSSA SENHORA DO SOCORRO;Brazil;BR;SE;;;PETROX DISTRIBUIDORA;true;;false;;;;;;;;;2025-10-30;ANP API v1;;86;05297480000460
